battery_pct,speed_kmh,temperature_c,passengers,range_km
43.708610696262625,48.787625210949656,23.59979391417964,1,122.54717305162075
95.56428757689245,47.16766789791998,35.27161646499932,1,293.7138657444269
75.87945476302646,119.68800385731403,33.008046489507954,3,181.66421628334885
63.8792635777333,47.45008198344567,2.694995234688684,5,169.83648728246192
24.041677639819287,49.91446987414941,2.4624734870736953,5,18.3957250073789
24.03950683025824,103.53380886597601,8.408718387245667,3,8.731820080830277
15.227525095137953,69.4713826695594,13.053736317051861,4,5.0
87.95585311974416,105.43816126506994,15.42277907042413,1,239.32345532895542
64.1003510568888,27.190277332082378,28.984860841667263,1,210.464302789288
73.7265320016441,73.63283130407228,-2.16597839170823,3,182.4575415186521
11.85260448662222,23.69749602016109,-3.2663647886966807,3,8.90267555265725
97.29188669457949,26.891852380089,14.595528147195452,4,296.0624576106788
84.91983767203796,119.7081198678852,29.858184606899023,5,193.33863522277744
29.110519961044854,35.316990822935466,4.671767147824129,2,60.71788555912304
26.364247048639054,78.56627505027387,27.075224062812588,5,15.568528546353381
26.506405886809045,65.22051628607772,7.991406897014974,1,39.652707041061916
37.381801866358394,58.20776588847269,39.30430544067582,3,75.27672233721094
57.228078846901404,118.98166802559997,39.78449721333082,4,112.4927121541137
48.87505167779042,22.400573645303844,9.864360214066325,5,130.19880846106506
36.21062261782377,93.0168654793148,6.499687698162026,4,36.04192929990238
65.06676052501416,125.97338776349055,15.565198603311565,5,138.69625139274115
22.554447458683764,81.61850018080261,7.026579259007436,1,13.283376631594267
36.29301836816963,123.0504708236401,28.61919216458518,2,42.07784151173855
42.97256589643225,25.748366721462617,36.30323422741428,4,116.80595896919529
51.046298579533236,66.06726509815775,28.654606545560853,4,121.95672669846958
80.66583652537122,48.617357005825625,36.21752236246748,2,248.2264410704887
27.970640394252378,100.39030614788028,14.849608110373708,4,22.634926082446714
56.28109945722505,127.94267995469713,2.8158485354430427,4,89.65410290406975
63.31731119758382,48.21830686886726,31.89754736987961,5,186.14908351420445
14.180537144799796,91.95920616214819,13.023725257077693,5,5.0
64.67903667112945,41.79073960357141,28.563541261456628,2,189.49804626925555
25.347171131856236,82.18632800287709,8.532197099088282,1,37.72758438385045
15.854643368675156,71.03257353571698,-0.9385182596663668,4,5.0
95.39969835279999,126.92058625946908,44.62908977438817,1,247.88878211287786
96.90688297671034,86.93799999661132,2.810075396529964,2,291.2727925679369
82.7557613304815,58.445700929550064,44.42104969817405,2,235.40835279364524
37.41523922560336,32.55053633767267,43.86399662832236,5,80.13532968354004
18.79049026057455,36.637151160842805,34.69090519540198,4,23.640691233444155
71.58097238609412,44.78486229463586,27.971148104099882,3,217.84615421755626
49.61372443656412,47.60633274743278,23.890352512554234,2,124.27582263296985
20.983441136030095,113.56776636252516,38.305077268891736,4,5.0
54.56592191001432,81.73450671107774,9.471976080974397,1,128.23189092583203
13.094966900369656,77.5730002511803,18.38406062424385,5,5.0
91.83883618709038,32.62457590561392,25.969498468325096,1,292.8747309439128
33.290198344001524,114.61536626843784,15.559523793474554,2,41.190281529366786
69.62700559185838,99.50957335293322,16.3743227045134,2,166.61251373313164
38.053996848046985,27.443519809000172,11.514233375104219,1,97.11395781855529
56.80612190600297,97.86186069527456,23.2115908342268,2,132.17437121387772
59.203925140895166,79.78920390769107,37.5287264007558,4,144.0290729651375
26.636900997297435,28.989788032145608,5.076418900315643,2,47.50606072324702
97.26261649881027,70.41307056815221,41.72165193767207,5,276.8445138163236
79.76195410250031,73.31659158430517,29.45438268741148,4,222.73358096311
94.55490474077702,38.23519941796033,36.16366063400151,3,297.96826350559576
90.5344615384884,124.02679617003105,22.809534631500583,2,243.87856554906404
63.810998092997664,113.49729086287282,33.97583507120317,2,160.0658961765638
92.96868115208052,93.59245710620192,-4.18998013302664,5,235.9101813263976
17.964325184672756,70.85251171006679,35.91902123897676,5,5.0
27.638457617723066,65.29420957429593,-2.993057045731674,1,40.229345633176294
14.070456001948425,91.60708138660496,39.49566881814312,1,5.0
39.27972976869379,79.99750563475959,44.59813736193217,1,88.70428270989014
44.98095607205338,26.850041647007416,9.70337310883889,5,105.64455463607257
34.42141285965063,76.37529136473648,5.515927814289682,1,57.1677439383266
84.58637582367363,108.70439789561235,33.26816819290204,1,233.339856860366
42.10779940242303,70.51638653566539,7.651317046012661,3,95.48828486070317
35.28410587186427,25.715223530969524,38.278119158610174,1,94.64893559496255
58.84264748424236,106.49060193224364,0.14212960787383544,2,132.14697288761738
22.683180247728636,42.15001603495718,1.2977598189679131,5,28.54995191359934
82.19772826786357,48.448291837684266,43.957577755030776,4,245.84223960490752
16.709557931179376,38.11769887755255,28.69194491350023,3,21.53213221781038
98.81982429404655,56.32365713586473,37.34436122144764,5,294.14250317004564
79.50202923669917,103.24266562574985,11.216468867575902,5,213.13418578396852
27.884411338075516,77.13244454543312,28.824187476030218,2,45.37109120597208
10.496990541124216,42.53694015657838,24.71209136542986,1,6.527091580174529
83.39152856093507,116.56130859672449,25.15750600614735,2,218.45013828454697
73.61716094628554,116.7540040446682,29.126622976886075,1,177.8347648288129
75.61064512368885,115.76362675506076,23.76795865645493,1,209.57564006149042
79.41433120173512,46.26758325196932,16.453118465133297,5,229.41142494251253
16.664018656068134,69.63632785990869,8.796134719027343,1,5.077255906100088
42.261915568984534,128.34886217549627,33.4290665456601,3,47.65024852772379
20.428215357261674,104.92137239409894,6.313621500159311,3,5.0
87.67930832880342,22.988416334811582,29.617715307720708,3,284.97494252945864
66.09683141448022,27.172505038654126,6.6666411324663315,5,184.92322840916208
39.78082223673843,71.03245144935661,26.266508497722693,2,91.51841432086084
15.720251525742128,120.01422264477162,32.35391335645144,4,5.0
37.9884089544096,79.25719777479856,5.935694445326959,1,76.45915505427051
39.266498982407235,74.75937588377192,-2.002834956934586,4,70.59803774200188
75.66455605042577,31.602106995229363,1.5486871497087042,2,243.34279531570988
67.38017242196918,92.24581151967234,25.299848363551273,2,164.99662679783867
89.84914683186939,110.4313476660248,37.47232031128678,5,211.79745615699468
52.49934326457544,61.84620082583186,-2.7501589382287817,3,117.57649366782307
20.763482134447152,105.31730360178602,31.707562952082313,3,5.0
74.19203085006956,126.09243192908927,12.065932297502606,2,182.73628059886278
78.47065437552077,42.4143105040458,18.926418495976126,5,240.35838577047792
60.51494778125466,77.56625943142154,41.44297749227828,5,140.04710320221773
79.38704619591049,51.58517538930331,11.598575236792275,1,248.51334611230283
54.44160367279517,107.21398609372233,18.2668466969743,3,113.7956269219813
57.045954644379464,83.53527024692733,-4.315879261965945,2,130.25243422077924
48.47869165226947,89.80406593053341,-0.9200639997580815,4,87.96065467228978
12.287721406968567,107.77055755774835,7.929579556739201,3,5.0
19.7102284293974,63.55675199287004,-3.60738795894628,1,5.0
12.828626711806082,120.65990752477475,26.56876630241255,5,5.0
67.27693701374024,78.6331753970754,16.319917840081125,2,177.69467016416567
38.2920382968694,37.37503051188828,22.407260136401103,3,105.3970974699725
55.77136220482325,96.54890299856827,3.7323592948164777,4,114.71155760717588
91.68098265334837,107.25874854820799,9.796601471830806,1,246.34520113397406
32.43630062339874,54.84378447742793,28.191223742636254,1,67.1747477583233
46.93446307320668,114.28971826986283,43.26513618151999,3,75.76796121627176
77.99960246887439,119.6757580242343,-2.47916131988954,4,181.30738714509323
30.59183489424602,50.45949361155898,39.519216042763304,1,56.641327617149486
16.92819188459137,128.18736199867442,23.844060065560424,2,5.0
36.077630762239124,35.478268085363425,23.195978337781185,1,102.37069909374227
24.5099158528604,42.2217235242739,20.013926760388017,4,37.91272380565615
93.67278871083158,40.26473231618287,-1.5302957047908308,5,269.5809523770205
82.73083416079753,118.33886810086575,-0.5061574131919668,5,191.39702252712485
67.00633808593811,91.97218075574581,25.045600282954304,3,157.0532665878132
88.43145311689459,36.73147115445002,12.047928571777916,4,270.2897643671673
82.33048692092031,68.4355760205184,40.86340332888403,1,228.38716229008284
26.791305299743225,87.68278275767823,15.329526867973613,1,42.994539185949534
90.330309864098,29.18104934883216,2.1640729351320545,5,289.41570605220295
58.540801772408564,117.06580052480726,30.7359416751018,5,104.27289480489036
82.66961396476563,108.39638889856887,9.667671072050492,2,215.646546865356
90.64821699311439,75.5727450934302,21.27351536779466,5,245.820583327904
38.62031274746775,126.38392767850874,29.8916392752585,2,56.51171568931078
19.90467320749091,65.95370772026097,40.01320556010352,1,8.76678209733848
30.51416462877475,128.25213509401476,34.6095597400838,2,20.649165315690947
48.43970097636307,93.47119986839898,28.818053393636205,2,95.74510040366206
83.62132893302439,89.81384005793356,28.981659119757182,3,222.33780687013538
87.46575249307091,38.25503848253635,42.296232201604326,5,246.81041555440618
10.625691747807164,117.01205341351084,9.791204874826802,2,5.0
55.967257231980916,67.02386567126766,-4.94439529019063,1,134.19747995757967
47.56699028339011,37.84567463607273,8.597727969909934,4,126.83186647284033
29.98970294236572,21.386827197333496,5.8945689813371995,2,74.93690734631615
20.787883060031454,81.57312520022208,28.09172925569991,5,5.0
40.385365426326516,78.0139584334944,26.68557998827645,3,81.84821919593661
94.86187335212672,99.12889846060745,24.67306913523619,1,261.37539262871377
39.088263881867974,117.92838583195824,-4.187827839527315,3,45.259697859879125
56.691155956902946,28.73472431073325,31.438902722532376,4,173.64532668854272
73.27170630056601,100.46461393743986,11.176520624274577,2,177.6180536525652
42.726664214136456,40.61531385073404,28.25279945033156,2,124.0474978050953
97.46038744488646,114.39947584728803,22.828921425107666,5,264.12488304658893
96.62025654479001,110.09698652478217,12.13654627139536,2,253.6380845882295
32.66040662428277,79.48731304840987,1.7288133552053875,1,42.870123857301536
54.75236553031469,98.12670784856427,-0.2790551169759521,4,110.26131980154658
37.07904788350927,54.57851245021232,36.57591665561118,3,74.8199332777756
35.63564449397208,71.82846888260961,40.9198771040779,4,73.00854931100938
13.319825261907951,110.38005874815188,27.48940233821498,2,5.0
64.86079005819072,70.51917168905354,0.17170574302416863,3,157.55234922316362
55.24111209059753,59.357809185798594,15.101360844412035,5,125.79247505528332
14.633087612499041,74.36336919753299,31.446960005257864,4,5.0
35.07818178129503,111.10741776809402,33.9910442005034,3,34.74329610080134
91.74392973699884,56.872885210796,0.9109311145544297,3,266.8950257945236
31.560570160027517,39.113775244931816,-4.998464057730879,3,71.84076675094472
23.04053848821008,98.32154223638588,30.606852294030247,1,10.332151633845012
54.05074842498067,110.857603397889,12.829808799310282,4,102.62755033850178
98.70854086995406,31.070122637588668,7.7240665809130125,3,308.99489881607104
31.784974436035036,46.386152403153915,-4.3551265105237285,4,62.340264572149515
70.49219926652907,35.61691887370933,22.014970338074985,3,218.0725126574788
78.54576537958458,58.27355527403833,37.557536771299084,5,211.96212110556476
31.38737895931597,69.5386076795954,42.881582313629394,5,40.28922131636904
75.53947137506736,102.37089706596372,23.287247530664462,5,179.47648046870387
43.10048194473279,91.62623433698415,20.72306638699471,2,75.54427350381661
66.90752475342215,88.30214242262743,-0.7471807255379446,3,162.15698575237093
67.01767396848052,58.761244127061985,22.443640077129988,2,206.2651904692572
58.21972156672826,112.55923083932359,13.99895394826973,4,109.96331543373415
18.12607930489675,71.84158841379809,25.356764044178846,2,5.0
85.17722460303142,127.70154318166699,14.436317393827334,4,195.5080649859908
38.870205847456226,89.75563521253105,7.014956172518337,4,65.99505603737047
26.786665935986882,33.8891215720953,-0.25173623858117544,4,52.10704697083595
13.669762739928753,94.37953182829774,10.745922229444787,2,5.0
63.18036488694176,55.76144169748689,-0.16775828561238626,3,159.46315627844734
70.98079256580542,95.49599163547072,3.844847541199197,2,176.6121323486356
11.492904603507053,27.66052629786463,44.366807928977295,3,5.0
56.088375246935286,39.23695808935553,17.20517784533093,3,159.99662218365248
30.384619767814417,114.13109847963649,21.593588325250828,4,28.67714051837237
68.06555113685049,44.98975127258664,38.680926436860766,2,186.55361454761098
25.69297861044923,112.07452377672341,44.77844502453439,3,5.0
72.18439642922193,50.72036972998515,24.135722467234075,5,213.99437981095093
44.806181167048365,90.71701010645783,35.623691052208585,3,80.04787448387448
94.30569898630611,96.35656308608141,11.347051216833762,5,257.08241185470666
22.376884973139394,76.39202284595582,10.287197872364555,2,18.566781525777547
40.695971594523265,53.58417443664044,15.13518604972801,2,98.24383180320775
20.212616911653015,43.390881400820575,28.625363133682455,2,37.566786692793386
93.22242564507064,23.650829001866885,29.10958446275494,3,290.17216771755363
88.9605418042883,53.43410413647962,10.76197173247254,1,271.86619967407546
33.21474649436401,91.84790695844113,1.660496206831434,3,37.95515171934917
69.39856414307611,123.2135300293331,26.619812823275428,3,144.55498380661615
83.54999801810942,115.83249304893572,1.416293109438226,4,201.39187107560807
59.96807304395161,104.26712541888328,23.924625411466504,4,128.45166778289072
57.66855205204058,106.72920775786285,29.671106402815447,3,121.47776633874048
31.76670618104065,93.14833938235948,30.03057481972258,5,22.400950529024286
18.379249102530927,48.63155433226033,32.673605532979835,4,27.610199988412546
90.74941821579941,119.79145337764129,38.642971078283225,3,234.10461678848878
91.03762514469975,93.78055430964174,19.997949598239423,1,265.27578233333566
66.97913115459411,81.6484694078484,31.51245947647856,5,159.18933598624545
40.51268119438306,32.20884161348292,25.958636768291836,2,99.05216138890688
41.428861715139476,69.1761098187068,4.331996989884129,3,100.05148796763383
75.33601109832155,70.6394098322119,-3.7155177565295916,3,198.5174057781395
90.73992339573194,115.1019970474937,9.227069283846689,5,217.4289630019438
89.83777818386056,80.13130422065673,17.15168531688097,4,251.7485278337352
80.18879912718614,61.84406038674506,25.855297221432814,4,235.34920812855773
67.78284815388591,127.44803613617253,37.497966525160265,4,138.38755579814935
17.572596849554394,32.17926526589473,4.812285835308282,2,37.550045491541844
24.54658426851524,66.48032711431391,1.2774894949238549,5,26.39984397731949
90.86987696743714,24.62271426885458,43.173997373716375,5,266.1902923760142
64.57861536936309,101.38945328436233,0.4022279688203554,4,135.16205216440576
10.827734645496669,120.98842074190657,18.92455350535946,4,5.0
19.132438857942887,50.804106250553836,24.278186439665095,1,9.86889716611827
69.71515921972502,114.4175844479033,22.068721045371912,1,170.12937263682693
10.455542546159682,52.144005350808754,-0.6983921483528395,3,5.0
24.472724627574877,120.18471778083068,-2.1486542998190314,3,5.0
59.38604104299275,102.93580939564623,0.2741713730517841,5,115.00876585007394
72.27056779234239,108.53974545255825,24.279384193630626,5,164.04543130095112
68.67651335523405,21.980721116049995,22.217244381716053,2,214.67437630410188
30.18423785145038,125.90913927814286,6.687039601837213,2,7.197015556894998
74.09612992127823,99.93380912773556,26.888707092279578,1,211.75597654547013
31.352417874712007,53.522620492474665,36.00337510278247,3,74.95823625818502
39.285972834334096,111.23341313447317,-2.921052007670312,1,47.495909674367056
77.18422646062217,50.96733182564229,19.90649717740212,1,247.3839263981816
68.46696091424931,116.00292235227407,29.465520605134515,3,151.85067762267155
86.43010694447601,32.38384294531307,7.615596353484355,2,270.35480686652556
69.18516030703091,97.40545752068753,10.388545264657456,3,166.55401298888336
61.147774300192445,79.47683243094014,25.68189514946919,4,143.58036340229006
18.430729104528325,30.61879172149849,39.89676467218685,4,30.84838971292448
43.09442227534902,46.60832110847229,35.49622101514497,4,102.47408913719346
33.86821309135529,21.364443990504626,24.156510954979176,5,81.04506365769511
31.95906790411752,71.56447620109564,31.511085887862457,2,46.67690203820518
97.57094992772011,53.13917868360004,13.241123510389933,2,290.96250683126334
45.378795220008435,85.81932327275346,27.048276404937887,5,72.1838378195855
90.2841899659402,52.69615884794789,18.30907955637785,1,278.99838978189445
66.80247633975367,52.99110226576832,4.496806822878046,4,169.4394038205529
81.53301731874836,101.75125186047637,30.08691369386286,4,202.95555992164
55.23733837946729,25.295711957618877,22.823231867441102,1,184.7847792354707
61.92134961637232,119.3184494711186,12.931079097679572,3,139.10048219707647
54.32659244369775,113.74902618302995,40.566959503931535,3,102.20865888873061
27.571868901824004,93.45851515490472,-3.9532941086633366,2,21.34843661083064
75.02069037353547,85.25437271181227,10.7886575624748,5,201.97425210064478
35.26951261967702,118.15327479536174,-2.155930111117672,2,39.05500621007517
12.188436978830845,40.386319748158584,33.32636581108136,3,5.0
68.09250663164511,28.686607840991147,30.105372705689632,1,202.4615144869237
25.939961146634403,46.346118690049195,11.567610936815854,2,53.960222919235186
94.64127259176229,107.40361065702093,28.78314511035365,4,254.72361981347686
95.85357193023286,23.813729339913166,14.796861309797492,4,297.264796479677
92.33779511984037,84.10875185918385,32.812689571121716,1,266.7215780165865
43.31428302299,129.4981267810441,17.709183136835303,3,57.27620140725241
11.391095487598069,114.12657032212934,15.613986391583278,4,5.0
93.54867063289528,77.35902579479483,41.73649577441505,4,237.20775696799188
48.53657334855829,27.00050002153066,7.543954994535012,5,126.12103747512052
96.99893371393026,111.45108658242808,1.0223669998282716,2,263.9895172684948
96.72579793803276,85.88763589949316,24.22715566297291,3,269.06562853369707
86.7708509920624,32.64262967655235,43.466090614208944,2,267.94617536632603
36.50040028626271,30.324301330569185,13.891960686359333,3,88.26599882458635
44.658795574173276,120.05895013802517,-1.898161818560924,4,61.594683109709194
86.60230043651713,93.61202892318863,11.965263365478371,5,221.19475393979874
38.522980464064986,111.22154792484311,20.296582715977923,2,51.90220363025672
25.254347201748324,116.68767903104941,3.0961503316106853,4,5.476479661454791
60.11211362125152,82.89495872531545,27.905110902824603,3,153.7248341863189
94.25392967447029,76.91909869305454,44.88746945051003,2,261.7430527531838
72.64268170074757,67.34701513530892,17.58697379907219,2,208.05827286640226
61.30550530804285,54.86412465702312,12.736427836510632,4,166.2446609411034
18.74588443936917,67.80555569445829,15.035208341723333,2,19.27975533789586
65.35065040292528,105.1267621303172,0.7573089197600567,5,123.60009553199157
99.10484650938369,86.21157741166448,39.16368007131119,5,276.3273966355807
22.60756137128716,118.17756189503307,15.7412827760676,4,5.0
56.64966871273631,68.77180158171065,14.363720571242066,3,139.09362430651737
88.96357647351599,86.77985365906294,27.984513646523716,4,262.01385402134025
76.6691755978784,89.44383084011876,17.101671046556177,5,195.1314715528937
72.73141668957412,85.0866878536958,27.4116734403923,1,194.2526965215576
73.22356755883983,97.2897150394068,-1.9276854934606247,1,166.69522825286384
42.35420360977797,46.11768152122869,35.68616718611137,2,118.21274991861198
36.4232659838044,76.36001553003697,42.02519764397013,2,54.89366520123633
82.84250399306623,31.464728308918243,27.4382693079693,1,256.86710803919715
82.91020552112627,62.29624604092938,42.72829644294054,5,221.8658347295053
88.03650867220934,73.64337754833909,2.5716157184981645,2,259.5016944447308
92.19164973008242,91.74466855000198,18.870809474017683,4,256.5582166082204
56.020815897484404,124.55841578448239,25.090336697272363,4,102.83897141287497
55.136466521847964,86.07161732031915,24.086832371059334,5,122.96626599496321
81.84656610700976,101.79533077942158,15.07308895445216,2,209.81193294569326
68.49675376999886,75.6892665444723,11.90422046831307,4,175.40399597216066
73.17701895319331,89.75144345139644,1.3412011275209403,2,186.5918746745722
81.6213402492491,27.802543774715076,14.587122528113909,2,265.7781727842392
90.10048076358096,47.98307389260317,3.1330407552742567,4,270.75247961859276
40.41956411663823,59.80384025256526,31.71828382461092,1,101.65067578449542
43.802465737594964,71.97426905071649,5.441546774729499,4,84.60190690067549
18.45837458567821,25.021362005262212,-2.0717347357733074,5,25.897378307528108
62.045212689655656,35.40265073086495,22.618306890861717,3,182.93358348930678
13.234804641706788,50.44957385704363,24.76148663597008,4,5.0
51.90382163192142,126.86859599911557,38.59565306402528,2,87.677654551358
58.838017123681894,56.448170781335584,23.849080620884095,2,164.00074108600623
35.7887126915456,73.02451639232908,12.274042686172287,4,68.83712792879902
63.174993451210966,41.57074840122323,35.150594076316025,3,177.4415650307208
12.745022494514448,87.18580781833451,22.013944659371052,4,5.0
13.361336987429297,50.875153706757175,-1.0359857684404128,3,5.0
84.03405045936924,42.76918362822694,23.292528015662334,3,256.8483035450436
42.41715772701366,76.8229891290577,40.40092727108312,5,76.49258868990196
21.435446138669633,20.60563790764629,14.815631274911027,2,59.14590337835578
57.001893404932396,20.843043591414787,9.816290094990004,2,182.2787027211297
79.29941977887498,44.097569001204356,2.1734728509010024,3,226.4051299866469
29.423892474715885,24.039349875090323,2.572276096767866,2,67.85977651076699
66.06014282371002,31.88283295437605,16.638574217090945,1,197.61464010955206
17.68127184943912,57.274671427262675,24.783991208076475,3,19.99657749569253
14.651354905174692,108.28442475377942,-0.9692297415199125,2,5.0
57.82191684113332,82.92535077062308,41.978429451258286,1,138.10947127781807
58.657160944909585,76.3934498552058,32.75668087225979,5,133.2298765273562
67.3686911348386,52.28377055289338,24.331195914183134,2,207.2219387297176
75.34822003503955,122.4929091376098,36.42193354694954,1,184.4987140470128
97.82668715162812,63.67165453609108,-0.9906621593943354,4,282.4840330836945
56.46703134710758,29.580204347534863,18.84194388665622,4,153.09593261322829
39.06608256471213,87.87731677295814,26.50465634308317,1,83.63286092971967
81.56675752918333,32.522223282426154,36.43264530591446,3,240.76416853624215
34.374902613586684,57.97454570818613,34.17347800246338,3,59.58587903417671
49.507427863507246,75.81531325895898,8.853462485669981,2,111.75402194703426
17.061074320803936,116.16447771536934,42.04400847796021,4,5.0
12.281566907391177,74.29012383741306,1.2172920715435174,3,5.0
96.63835732101326,97.24846426348307,38.75668093105761,3,249.6546466168342
85.23821084609853,129.20985228989775,43.547012480230926,4,203.85955204705516
72.63767854843282,34.46380318877798,3.8576761611312786,5,215.31815382683203
46.80576499728429,50.220467807147145,31.103303210189267,3,102.46783572900452
25.596488806376122,63.403368315741105,-2.985724061100077,1,45.37906265376414
24.079333840397744,66.40109963927145,15.271141256957748,2,27.261236122039328
32.52186083481358,65.21231827921002,20.8141649598837,3,69.08059223413728
59.43039982355084,119.83721028122105,24.032261295481703,3,122.74359675417132
74.31363304300561,98.54359089135421,41.79686241242798,5,173.28302066338387
69.41776390459582,86.86957354997742,28.61253436470973,1,182.71463459484528
35.19405072513486,54.03099896490603,19.06389756096185,2,91.28317081728103
95.93787525968747,110.61694226434241,35.48375181329447,3,242.10219322478272
76.41072250261917,125.05665626334878,42.526641047720446,2,181.05560129194973
59.891864726026064,110.33181108052491,-3.896692565885458,4,125.87440418553848
65.05486716109169,20.17216157106202,44.126063612801936,3,200.46903332038625
47.764005618501095,90.00415072017478,-0.6933930468159835,3,110.69176332850992
32.29578905510417,25.624891958631082,35.71933896343807,4,71.94101683051314
42.03754107861354,48.33679423670941,9.016737627570624,5,100.59445086489825
78.20614994179321,26.547717038254888,1.6089828876935872,3,236.7877626456694
11.295413976678027,86.41749982443265,16.992781985691746,2,5.0
20.446537645622463,95.52489048418674,27.197828972380677,1,8.10730391444335
14.140237781957747,32.59364018724956,14.04759225117375,2,15.650678770072119
13.665592208707313,62.222277134947745,-2.271729585865052,5,5.0
86.99145256099065,70.18601598510962,24.97305698293583,1,253.23675606707576
73.32920734420213,60.595832393700825,40.120163805533736,2,193.744854675069
52.67564461785927,33.31275005337123,14.160768297362583,2,149.1066383840391
18.805074458590134,66.0842569206223,5.816638881541351,4,8.646125578016898
54.24542876051491,102.629585258926,17.12886729664077,5,117.46910643779962
52.61245937025091,27.8108430986581,-2.5818644475609567,4,142.51339116003103
25.58816829190137,28.81980154900938,36.02437922401374,1,73.20253294051587
49.04664843141757,59.024842101958264,36.317040547509336,4,103.65614865796208
45.86542609576361,123.58982827808175,24.400023171481422,5,61.86897738118779
65.42650882469948,93.54299113952055,12.655144446919476,3,154.82044304427086
67.15842857808795,94.65369523398213,34.989168222289166,3,160.15014017422268
14.077360879484006,59.811198992165146,22.73435123941836,1,9.763058293129163
43.71513531638241,85.30268703293923,36.29661542750081,3,89.6300028757121
66.32739241428128,21.11443024305177,26.57293962915103,4,198.08958474712907
55.28226327220789,89.97056510504964,34.22027366063986,1,131.72970242106692
87.08408570694901,120.46156423338604,24.928149660888,5,210.9851184473423
69.28242684570506,87.38308151793011,15.70705341078331,1,176.13434718239378
24.664098437328672,116.10684528129795,42.89729299630688,1,5.0
16.351187266038686,99.63703610127033,22.05569124394224,2,5.0
67.8177350385684,33.26142580440593,25.25447592702692,2,206.7827822615107
12.386017948745963,119.26986380144258,6.024381970737462,1,5.0
62.7198023146117,27.308822879135235,26.282539471363823,3,190.02638691002136
94.62072172824618,78.73642198025402,23.580382474147193,2,271.84015843819174
61.792676008829105,35.635083617280344,4.241919897351247,5,177.97180169124425
44.935293358586975,21.287727180399447,-2.020645132342814,4,109.53678736025348
67.89593965981179,66.42376861404028,25.217965985738555,2,182.7265803788625
51.2427601442365,52.454477841957186,33.18461346751603,1,161.64283740643546
59.105511038434145,73.46005431773634,21.17006854610041,3,142.15735262240403
94.73183278988726,83.49198754080058,6.3386312659822845,4,248.37163734883993
44.74923740206968,24.81129795398421,28.326098834651745,2,137.0809265610024
96.50715074415228,33.53036246361202,-0.9947136695198875,3,279.8419658283668
91.48155777604573,81.45066360954678,17.091685240097732,3,255.46953686669153
27.62120213103668,57.748408848992405,3.1683379199210098,3,59.65909671781324
16.24251707876489,100.20908363043928,4.222952552994169,1,5.0
19.070020123968398,91.75208134511337,5.114697457910182,5,5.0
11.639964308639476,113.01647992888975,14.335352852198895,3,5.0
18.499866468033556,96.17421093361479,-2.4424897189801187,4,5.0
71.47060960747211,67.2924185129163,14.889672046454908,2,207.9257650968711
16.40697836142061,94.02632846338756,20.585372355735043,4,5.0
38.70780672643852,50.29192916809603,19.164714248316262,1,105.63375097301224
86.03877798725091,53.69448486560339,14.139205020152026,1,272.8967566641728
12.094474216224327,106.78836759128727,36.957330403537625,4,5.0
83.30216343300422,69.10614680417405,2.266334621025205,5,220.22973553198165
35.36692972960599,107.82183745701877,20.2848371890687,1,35.9933127136773
20.634834485949064,110.46646110351062,-1.897929152172285,1,5.0
72.70634488277355,114.33185714274121,-1.4422160561045128,4,157.08177282213882
66.60485621018955,120.82987594253281,23.693292483854815,1,153.8702438039747
88.97248121743476,67.4083742564626,23.30092124439105,5,248.93541600131798
76.15639394234972,55.07535001532527,38.90167564222285,5,215.69265531558509
82.31328373463637,84.04186212535252,22.89368378300366,5,227.509329696315
35.38311153141758,60.82896657813903,42.98955102024251,2,69.57430077358285
25.969558940175055,86.11815834802563,-2.565257580003512,5,18.184337258210455
77.55532764767725,97.6144448908207,-0.09961576096294689,5,186.89642446104145
82.61512653405376,95.72455203413506,-2.79670692148093,2,214.31557666301535
99.1454627800606,61.200817572213346,4.263842516677002,3,298.44651945043455
47.135590922028385,38.35462218686281,22.063505547083906,1,138.51440908205146
43.481627721350485,67.35822723084283,27.2786090713714,5,106.12180647445453
79.87716646677971,35.68535584900996,-2.72074210256656,1,232.76328294893992
40.672318622771606,117.91067387021891,42.298544492279966,4,43.365925867921135
93.76815930432082,58.04652068116432,37.10826883251905,1,282.30518644778505
87.25714766587106,36.990572194565615,9.830624107854657,2,273.8535446806151
48.609462463751655,22.799253589632595,-1.140623488676602,1,153.34100097070532
77.57839610123476,91.04046249151327,3.4943536609528643,1,205.3026617859056
77.90885866762142,90.05925492002176,1.3472206877486332,1,195.00650346371168
19.281148195233936,57.466458323942085,1.1641889649473427,3,19.409930446572506
91.229761601161,27.88830777324161,20.928084433286696,3,296.18208484256894
55.472713520307146,65.05917843847553,7.292372124670015,4,117.70106983282247
84.38117194969675,54.23392445697329,12.906985826457223,2,251.1261084109712
38.804464092755055,94.48327037085103,44.475266669216126,1,53.41442078900325
90.59709056465805,86.63571743979594,29.21571244626724,1,252.90489275390215
45.02815108607468,60.1053101017294,42.44903335235007,1,102.13325798358132
10.975388633226853,43.96818096804891,2.1278277516557793,1,6.558200322062835
91.48437787773373,128.6839562771151,14.106973741628465,3,228.76237969582783
18.21580091075202,69.94017833157264,22.736590164117715,4,5.0
38.73822738313734,95.71016593582607,-1.1620969055630992,5,55.93338522091857
95.50557703457244,35.46082643361969,-4.790627818602107,2,282.8063260419636
95.55464322438004,73.41486696253375,28.521716689845874,1,286.4245547556391
61.60940993109575,23.029039185641203,27.090975840071764,4,177.26703555708923
66.86534909528194,75.6000629701495,15.53944049998059,5,163.15904359114515
50.36009697804878,126.04191478294726,19.48220380160163,4,87.6622380583501
36.388969452825805,62.26273842843803,15.772150029604479,3,79.68420523214553
39.57980908329243,24.289561383240276,-3.799747757755557,5,104.33144844692478
70.52666104693346,23.405137001127787,11.768580310873123,4,212.04963399056803
77.7137076493912,62.67854359415564,3.854112769864491,3,217.58410262802835
81.24211393532637,37.60274301095134,-0.07879054493156268,4,233.45233816986425
81.06563285150985,22.56873059610045,42.83602169446749,4,247.30998700581958
18.208549274382133,103.18349753451945,24.967986252108282,5,5.0
54.49782742323233,70.43753097700798,31.432814211830134,3,131.9202729307413
15.180288401497986,51.816924916991994,10.768187163305875,1,5.0
59.4575994091362,119.00915013181287,14.657356474700759,2,128.41081761341644
49.73774512360393,32.775285622057815,6.846199694836173,5,131.2719082561572
89.89337644824698,125.15107118508512,-0.15171645172876325,3,213.2341004663383
41.58235112968708,54.53633891150881,3.95158187207919,4,79.32196206725106
20.536031478484528,117.72440395395493,34.87570226482429,3,5.0
22.869251384755227,86.32371641274077,28.87729025918879,2,21.428797982478542
78.5359568545725,110.93780957156362,22.346443799273846,2,198.34193748098235
65.6396256984635,128.24144795315107,18.754493643338403,1,138.3993555648871
19.101040851051124,51.72459816006203,41.12171418280622,1,17.59567978214846
17.569612550349767,125.72490339483522,-1.3632526110665797,2,5.0
73.08722183132079,62.84300843926624,9.030040661895798,5,194.0127831377657
16.548670572777418,62.40630952106145,12.496892678535701,5,5.0
83.96740533613206,57.44258146799562,34.12129061063939,4,242.64936740120632
73.56180044408467,79.55483680823437,44.62573100809857,1,190.16792156654571
17.32139025777098,36.95595474963358,7.033525737857653,4,28.471447589804367
17.635394267667273,80.90826338938123,38.71536670685403,1,13.31517949963891
98.7975620651058,79.58752936510044,36.53113802158956,2,280.493901830552
43.68437161805083,103.8091993865357,6.23286988208833,5,59.27356700784495
43.357793236020186,111.70149581313441,14.966629009961128,5,40.97296485263622
83.15196105317523,68.44854853436664,15.483643464625956,2,227.50354577893276
95.25237196454728,53.25665742866431,43.91103342632792,4,265.9491358485237
98.74009574405838,48.52683870488039,4.044595068944917,4,294.37359263675313
77.80403667330475,41.40862203753591,34.957898555239105,3,227.67592607641856
43.86336269778242,26.341234041892736,11.709635708655497,1,118.83819940124312
17.51506450288019,57.66927767181847,31.54351728880802,4,5.0
79.94322243346932,49.72724613438616,16.000550214783143,2,243.60784810360295
60.256382476222456,126.30591244530481,23.917988155827,4,122.5693107365896
48.17998083222786,81.34797088750483,36.63058866630656,5,78.77155266690094
91.57189465852623,58.20047429335583,35.20827824919421,1,275.27192758527997
20.00777340755362,83.85143610930656,38.321159176985006,3,5.0
54.336259386177325,35.311637148026506,-2.019133732767049,1,162.5961016468201
11.021828029067716,68.84481241224232,29.602527651987245,5,5.0
52.17945777947136,88.88577535631703,1.9993688360881432,5,94.11216673819915
15.067294811365361,73.77876149716965,15.79092840092055,5,5.0
20.693612464126474,64.19566807197566,22.429420752734423,5,10.048338076177032
20.577362209939437,129.3233227789668,15.136974237341537,2,5.0
68.42892719044572,116.83462383638197,20.980583790150373,3,159.6804497683156
77.1440391338881,88.57465539753841,44.82631543993096,5,185.54606118339186
62.503188858744366,82.6315097300511,1.7608656856427363,5,148.84800210237458
96.59552936270877,88.27265278070425,28.77280226682128,4,257.62436645062917
43.73835215713336,42.14433186046766,14.800048319280762,3,107.96466917539902
35.714087765367466,63.46515175907505,1.6504899453664388,1,62.72821003717476
88.17392153705143,24.340548617998927,2.936838168715477,3,266.3448069684128
30.123625466750738,72.31006412355093,42.46365531228084,3,32.405332566038936
96.69002854965501,79.73270423534295,38.9800748355881,3,279.7512368791231
11.09390272208347,45.05247097135306,40.35209802075109,5,5.0
97.28909440368751,126.04317318820651,44.57663879136933,5,236.8486764613916
13.884392075551851,120.04000720309662,5.415769500425897,2,5.0
90.2028802328264,99.43575590014964,12.771966868203087,1,238.20169189398138
57.49309981776699,78.67252916418988,28.460951496243332,4,134.0915478798001
99.36683165073703,115.69660756124534,19.19012699303236,3,270.0348236929541
16.641690826185897,34.371757820580925,15.919476668916676,1,21.52857872652194
59.846885596118874,106.95607737023735,12.890562466779652,1,144.11958047683655
97.2372282057189,33.73028953635331,24.68903159717261,2,304.2187449875136
57.078805975313394,107.36317288043459,23.7796714320041,4,114.78217720395176
66.64587743217362,50.33443250764927,3.0728917032120044,3,187.73453317338328
72.61738200861555,116.47996391200078,18.586991875921953,4,161.6001661755668
50.90869582909959,123.84463032079375,22.673588810492493,2,95.90482055986226
66.48022720756572,36.36755663456272,23.514346936569524,5,187.73699584080987
62.58828807307902,70.89431655719329,5.50535964561759,1,166.95950623333817
91.10422094418901,127.90861159789536,32.11356961261434,3,207.0282656566906
14.090174230731208,73.17481795704613,-3.7400452589465183,5,5.0
35.28668706330073,114.99022747659997,12.741592777158132,2,47.73364139483053
95.53703356689029,84.76046743444519,34.010632426781676,4,271.0165352979286
90.12374055018248,61.28628987115621,23.194646052770118,1,266.8995659535847
51.009107750714165,51.43619110784572,8.058121625543013,3,128.14118429564027
65.8119338021383,42.354540019469596,29.747655967152383,5,184.18773593215974
34.96430646830194,103.7978010515467,23.36954720780367,5,45.09431393827695
26.930904375138518,62.51945575053307,34.81218047281936,1,31.400201500170443
51.7328564445984,76.24030084208263,31.751259309491168,4,108.33199135122133
41.80170052234475,74.15580280013,25.505396101811733,2,89.74967666860496
62.529050066578485,83.50069321564445,19.4088837655407,4,157.33993438774272
16.996117326848633,115.21348601870075,1.65910628337617,4,5.0
97.69553268995499,127.88132779417724,8.066650894269188,4,241.80818228156596
98.75896700316426,64.83426294311985,15.954973645854263,1,289.0819965067128
72.83455426177707,111.02708143169333,24.964964350319434,1,186.3368499346864
58.24867297097084,104.09805741201895,20.68539276076524,2,143.45364437181834
37.8574854657695,83.08818466011306,9.409226297976474,4,62.47609182115201
83.24155177362537,125.16518579731265,-4.6767821105144725,1,194.3224185238611
71.62580552984913,42.052196708124306,19.811961095040697,2,224.24773729945383
24.63552454104022,32.01906313405836,9.281299428112154,2,59.233782732438094
91.98344660444582,113.93581636509644,31.730415035526754,4,225.47976052872679
84.0283518630852,68.30647982971232,-3.8026867364758257,3,233.84567386865524
95.48199219627317,113.16657396277665,24.241390565289542,4,257.3685966244453
75.3147557549524,118.23992257149564,42.07371187530327,3,182.08332718978588
65.20736763422109,26.870335298097856,3.720463355574976,2,196.26017908066942
47.6418732661557,117.18112392846668,18.58247453752977,1,88.2062363200423
93.94556350186119,69.31509609063644,-0.42890040914309147,5,268.0670450151252
87.94575005503675,76.14757379046554,26.28409561306763,2,242.72665864927518
14.069680309557047,88.92517622025312,22.52658402981128,1,5.0
12.37302770475268,121.90208674030954,15.368276210641618,2,5.0
43.881703019024464,22.10277038727404,21.06885107368706,4,132.47484894177285
82.94979977036496,72.45278151495988,39.82873292345051,3,225.65677299303195
98.854851638345,95.64942466736167,4.814715115553351,2,283.87687786519155
23.537520199317537,99.49776534680512,-3.8717744147326383,1,12.265253774479476
63.47176438169216,96.17856746908188,38.083244234955046,4,132.224975319996
44.28017709679194,34.787864234893405,23.855854119395325,5,124.76258150669557
97.29229580331429,52.933514720884936,39.53292277309212,4,298.159719501254
85.79070308221378,59.45870779587148,24.84726117065863,3,258.51162358275565
85.44958342400241,108.48809284474555,35.50805449798512,4,206.4847615576773
52.18238438154732,50.66358596560083,16.483668167757397,5,127.58554938829882
47.33375521038987,43.177546025392346,32.49299656441344,1,132.72783473460984
34.60663647376356,125.31928209419058,40.6520733444928,2,24.841145869209523
15.073794698583441,20.97496136248158,23.606148186110314,3,41.0696179328146
87.82501386295479,129.7602941250176,4.039257528118977,5,203.50168683038706
83.16109082170698,94.45034287431352,8.439880751509909,3,195.34278007513146
99.97459059575175,111.13162293940287,4.93222884487029,4,263.11983136148723
99.69731533665149,52.40813359808125,7.342851379786646,3,296.8476048968076
59.988853504236474,21.574680543376598,10.32077246755182,5,171.74507547687483
79.20886736624594,101.16564704176831,22.756689337659424,2,205.28001689545042
95.02891568941853,111.75590567007434,24.39958147319164,2,263.04420025449707
86.46826516096704,101.45237451488711,16.324987362093058,3,236.45500052771663
32.26132915688779,35.71353160309225,25.77103899104177,1,88.24254278890443
50.54897217790842,102.8770714482666,-0.9212537194317036,3,91.31216876884154
21.62434736363455,104.5815060318405,-0.6105881470920016,4,5.0
95.86459245328501,92.43945672370604,3.5914730178829224,2,264.85578569204813
64.5557171005792,104.27275260751448,20.903874902017236,2,148.5234679294067
30.577852495311646,113.05135836455054,5.6997339349156775,2,29.302991477396592
70.4530615965271,87.49645256612042,9.164220174628866,1,188.63387070890792
65.63154164121062,29.746518536664695,15.015641808649704,1,217.39227126391162
42.23464462295564,73.6390590633932,35.59330620051899,5,88.243296504409
20.220183297966614,28.541426813876555,-4.306893204356994,3,25.637628832093373
70.44158760335196,64.8297334135674,27.46894101183112,3,200.02252715493069
56.827693081341394,64.78171380381903,28.443826552034267,4,133.84273981683396
79.50865525620753,27.261082855426572,34.93278901783183,2,254.31798488386454
56.814715100079404,58.370258736642725,41.63764695301566,1,147.84137523700514
86.69633502866861,32.20979086704463,-3.9931075525355086,4,249.5280292720945
59.6716154897037,108.90587310101444,2.689185275660809,4,122.02316720519785
60.484417438184764,124.24568285609179,39.30856470279965,1,104.8280884136386
88.89882423925106,27.954812278373247,17.925928109350767,3,266.7355641188532
46.31345795911573,125.06267280208715,23.229531946673177,2,77.14775132678922
22.061370560557666,77.48342592704196,28.15136018615737,3,16.923731464342445
12.590440868200508,52.95222457492613,28.953330224781872,4,5.0
77.9623530106257,28.45482828037799,41.58702016582541,2,227.3250401128922
65.82785962181183,75.06866948774595,44.847470870583486,5,149.67418389835237
73.36717912893012,107.39670989398236,31.00787304654701,4,175.87362641414634
29.166774535801967,97.7795124993368,9.36106046025754,3,31.01468172483471
22.27343280280928,25.524861261037113,38.98762011471718,3,43.717265066555804
11.309019910109374,28.019201890469386,-2.5389542729619197,3,10.209137090212321
41.55288029259373,64.31606108959008,6.554042643724809,1,99.84623761548781
63.09259181691698,52.48195434527376,39.869285873185746,4,160.20753917110517
45.30196405897591,45.56227553616526,7.809575721967747,2,115.29932274621069
49.37274298213561,50.91049487995849,6.032552981087424,3,112.64839544427169
91.37428250443736,108.3831017626573,1.906264657012362,3,233.87752164761
41.34299203209703,122.21508589950393,37.955587882345824,1,69.88599037346962
56.25905402438297,64.56129639803231,20.002912959554337,2,154.85339710803046
80.52877114670288,119.67221023457468,28.744660152707738,4,202.56558341898517
45.68885040891431,55.36452713726702,6.953319203751484,5,98.2505058799485
65.98780302050861,72.40806849781708,32.902021050560826,1,189.92045940897964
87.61273378720706,44.86318975975997,33.00027724810492,4,257.780109688543
95.45685612918778,90.45236463934283,10.629901245415006,5,267.05221882727665
23.236613283613416,127.68792266922898,15.53413165051414,3,5.0
93.3928862645345,86.38424056477164,5.4845138715100425,3,262.096214126046
54.29046637715844,59.359549252490375,43.828051166145215,2,149.47058121658102
33.24199494690625,91.25991905895812,27.280128852920583,5,37.931558308979135
51.322218061443515,33.52127463119263,41.727194035775774,3,141.3712327223798
98.20293177569293,117.75249882919385,10.169277181456659,3,266.637380191642
54.33562845935826,75.33923458578201,34.094545649844484,2,131.06931528490642
39.587644925875736,69.42847162436063,33.2929321942371,4,65.81536312820457
67.00607688850532,84.44512672988711,29.582782593327074,3,185.9651364711848
31.613105690037376,88.72622490683428,43.28194876334002,1,41.13923975099715
16.827699529779753,27.89533868491643,14.677766805315777,1,36.50090027290593
21.59917497195843,95.08789433457426,1.535866179487865,4,5.0
21.524125506199518,46.612484834708255,28.58544296220304,5,19.864819956142526
23.67124241610649,98.53478957572487,31.465490023860312,2,5.0
22.49444553844691,110.47882738226164,23.753028672940733,1,9.771949860229576
67.67872703228932,108.43543583077724,5.340894656669814,1,146.8060297939151
26.369207595923033,80.7751064148678,20.222797083467768,4,24.813032955253675
41.11005549914769,77.21868815418263,10.60948682845647,5,74.95808540041318
90.71095689154106,35.716355747335285,16.373326408334453,5,271.64825106072504
52.65654762365851,105.28807654434492,27.260928792233194,4,90.67309169381858
70.08019646689245,49.855031849138584,32.26073713454173,1,220.0167973204558
25.508788408146685,74.63649650997412,6.6112345450671555,2,31.171660572149186
27.30601169278037,51.27015022202684,15.266268032347668,1,69.56467494654818
13.678175463983099,34.72111992996625,8.45807854958146,5,5.0
25.204155676494807,89.25134665809102,4.931580693093455,1,16.796273296588488
35.073130512876276,25.976523830519422,34.16936099979192,2,96.45574545887982
25.93094358490721,102.350975753882,40.46263472184962,3,8.23636619548045
17.983228038135003,54.934547478722834,13.511609284228836,1,13.163121695999482
20.857228399054073,20.014816230493384,32.56394621868834,4,52.52410524121785
51.47008912294532,76.22420531609528,39.849764468220556,3,110.29272117021128
28.570034656521326,25.153709938036343,37.30621052651158,4,48.058280046033666
42.78428749432679,50.378651360298946,4.140669426961296,4,106.99941161640757
55.30755437693712,97.76741362012878,42.81459407566807,4,106.55577039043443
72.13553457664287,26.895858378405244,13.833822021473125,1,224.20779365887117
13.538092585698905,112.32723415916026,11.962033058691816,5,5.0
81.94693590181384,20.420191492444143,-1.8784336361109832,3,266.9383191992135
66.51103505418169,47.15062561220925,19.30868270524415,2,185.10587570673056
17.35831287539847,101.49944617672786,0.4506807820464349,5,5.0
88.62207616960995,54.789716470223745,7.426991046371299,1,274.77519571037266
92.87851604786319,31.20816268726149,10.847131088364069,4,289.2624964545347
15.497016386937737,59.62573106804707,35.4413161745842,2,5.0
34.918988333248336,49.74326150229781,38.77443251979483,3,60.04740239077323
82.55811518137551,112.69830923766104,10.123315873073484,5,190.10594525530877
77.34337213452925,54.46827093436575,37.93490606222869,5,213.14928018968163
26.60689174207396,106.78257189536079,37.861546868489555,2,8.412566652750588
28.841439100303926,118.10593592918082,33.232547519243674,1,23.21533196584793
43.34248925122438,67.71991615341824,2.334755700759077,3,96.65461223805914
53.60706866719192,120.09374582398313,29.51614234503645,2,112.26205898916807
65.64292943772664,61.50498593595121,42.25120322902844,4,158.93734531635965
43.202227561279514,126.0486258139119,29.12702393835785,3,78.30097984061966
51.62812445198331,29.82184769781302,11.580842455391696,5,144.77749870184348
77.2723844320381,95.5721193153567,20.028965871541565,2,204.30794704218346
13.30148826015381,74.31954445026216,27.286252167552682,5,5.0
32.719324990961866,62.641368600121176,20.52852043642518,5,75.26748665886367
74.20146272960972,89.5983066623461,0.9976470865484908,5,166.0354335823908
90.56861539184794,97.42428007977644,10.603202232601031,1,248.1747655767115
56.05096979040995,20.479959661534,35.119801527681624,5,139.61504457945514
57.89021367387841,38.36483976219186,38.07090230477587,4,158.70969534053316
19.645481020579844,98.43506556977506,1.865001635778512,4,5.0
50.26711301411092,93.30239549360272,42.61933761993623,3,99.39242628171003
57.935553980952086,126.26522556415449,11.441130892430465,5,97.55548738382531
31.82234532712567,103.71415692758613,28.115686936536,5,10.307323584267166
34.231890785444286,124.58499785044718,32.591257297834055,2,35.81238558694723
43.95557467941604,97.27945516882876,35.59731173189417,1,97.68138945522381
11.806407799995373,52.785742950338744,42.287485111296505,3,5.0
38.987124902486045,31.590141447594213,10.64597740144113,5,96.47972268290626
29.03032062968902,106.00062496794291,37.92532272757772,2,11.090463624754332
39.47476169601232,90.85641436235075,1.5843451718103516,1,75.13925989689695
20.778591863732608,25.300461363262585,30.252045317679638,3,39.09691819607747
90.14745526659054,59.60555124910762,32.098886475699295,3,257.6138644884993
63.42332081986438,125.24797970327148,28.88616206006602,5,117.995461093807
71.11920872300406,75.04412602812214,7.615736806757649,3,182.9881569800799
81.02541147466044,67.60020496216751,38.65215735076017,2,231.42742076924725
54.85979790361515,70.34695656752234,3.4429231685197497,3,119.88098237998338
17.82282592786813,42.977099640568014,-2.318260423958458,4,7.68940414107144
58.3395887636693,60.55778879512747,30.873249530595608,2,155.9728133595346
62.815700621879124,60.679458158589426,18.773785761636685,1,169.36447778982307
77.0895526765897,25.759052220621964,37.454900997933805,1,258.5493642499174
48.84935916067114,104.43243913697101,14.169857052912949,5,78.35327256084084
21.48222725160074,65.81548750942669,3.413929425385641,5,5.0
35.539831521885205,110.43978754980657,36.82210962349349,4,28.37023034873689
42.67740667587716,113.5382801231885,22.445481582003584,1,91.45760335596046
68.13255171984412,43.319346016852386,4.459789619517744,1,205.8794810859459
61.37004742020207,92.30888303871414,31.01919992932229,1,144.3094201258007
42.048705330806165,71.950998457928,20.555681924475028,1,108.27199482373454
98.78637239136818,116.81724117136336,25.215649112015992,3,263.9812885764752
64.51973374211985,43.73147470940995,18.044916910329093,2,192.05617740479718
31.350411256239504,94.55945203410486,36.43544919090032,2,36.46077082999559
19.160422535836336,86.85273344779948,36.47813578415249,4,5.0
23.75732252658988,52.48316253290161,30.46944109121931,3,38.9750836792727
32.136195554605735,35.02609940162898,0.2700688698231133,1,74.4083545081072
24.46132359336001,91.68037365250042,36.942693095203445,1,35.163376183779235
26.79103216461752,101.24572039455637,28.550649026645488,5,5.0
35.65856518244624,54.7190078139685,29.851208300214978,5,81.1223443129343
25.603623576527934,90.93158644245452,13.149142020193583,4,14.622836670070093
90.70888821637827,63.46439983726536,38.963977807850334,1,271.00956360399346
17.2210371095478,98.45275716108794,31.268580011742877,4,5.0
57.20602506132292,41.91368023834584,0.6295233264597231,3,149.48269454217112
46.935714429069535,117.92365028997918,15.388901720308134,2,89.7903580934682
98.41407552177458,51.61505561121377,39.319018098007085,1,280.8922728772306
20.08350119512471,60.45645865317682,-2.6401649151310504,3,6.40239675920247
45.80700391411675,26.390114728838476,43.07083098210248,1,124.66961001053602
97.2523389947832,32.2663433553404,28.958128415978138,5,288.2120810031716
87.89564133045822,76.7448092983561,26.56879888216883,4,242.04070082009093
83.5364863854352,49.43519444007686,8.52796282439957,5,240.41377056019044
33.211254434044584,111.90282483164138,7.439589436958853,2,40.894811382949214
25.379882865105923,21.61627275204492,42.102910974429776,5,49.74567604447513
70.17788979319879,61.70034535391298,9.913622711706138,1,194.44230842938205
93.64383902148272,57.10801014460019,33.77526483594997,5,271.73065605665073
60.10866037125368,22.126039400936115,14.656089910353959,1,191.1614091817746
61.44514205229099,33.68052389005612,1.962703539235199,2,186.323213608167
35.19811842942558,65.50069424104987,-4.464235115232053,5,59.52279753571892
79.25436398727432,74.21510428921913,22.21286685076254,4,217.01987595298863
26.833937370177104,64.4718721980356,43.78894092744663,4,23.3420570565298
39.131131276381936,78.40314462533033,13.456809690460226,4,65.27619532166602
48.28927947547751,85.46448423962497,12.859616699652243,5,89.67931942315293
55.68493408160095,21.09162032406192,12.204580892472105,5,155.80199877682497
31.816875917357223,71.05046753988543,21.027191865242923,5,50.48406535363424
20.335314226528318,125.98491649763471,17.033244171214676,1,5.0
64.95580381974693,77.09355081425036,38.99573133635072,2,165.88194080190073
35.97674979162302,94.52964942048484,20.276039586174516,4,52.64024875606325
62.31143992803511,54.305024370857154,20.38789190942844,1,182.00863232937996
23.892644374678206,105.13905159680388,1.91857973602783,4,5.0
53.30260916693357,105.02136300637267,44.136977045519295,1,103.28838540109254
57.93304892964273,77.34256524195528,7.498644543441484,5,116.51608674746728
14.664118314018422,127.3615205607135,-1.331796627019867,4,5.0
40.294385037452855,33.81052362389187,28.157312448760443,5,102.06627210338799
22.09732092450768,21.864243137853908,24.768318507843635,4,41.491458445610554
15.703747342549097,104.71740329328055,15.757282699637287,3,5.0
99.09642091509507,108.78710911013708,16.1096116940339,1,278.9405027136626
39.01184604772507,33.22279520326339,34.253196052321556,3,103.87202159553247
82.88870012691714,49.21411162544667,4.785632004982453,1,241.05997345360672
32.917658928738746,21.93075997032918,36.012665947244486,2,96.42475874111945
71.33524500015363,52.263947185862115,27.437355694750906,4,209.15884762596397
78.42050739007179,105.04560613105386,15.94848868897622,2,191.98500880446102
63.60748665470599,76.97565804838368,17.90143082919343,2,160.21068583698886
52.441856969514255,58.29051524851169,7.83236035930479,1,148.43385985308433
47.06568227325417,60.89132243969633,32.60571663484874,3,110.77797966858986
41.39814398886958,20.148898828701498,20.643737115263388,5,94.50343593031316
93.65762298230433,52.97805803217595,11.042727137492179,1,276.434484435895
84.75574670089563,91.11046158017236,24.80250578804751,5,218.8628771884324
96.85242195998613,127.16138881979928,44.78672260256615,2,236.2676133247686
21.186750113699027,113.17669096822894,16.763113982827694,5,5.0
75.77807276832799,22.595446111008204,41.03457003893098,3,232.31132871643928
94.45064111389341,118.84166651423233,12.250841996228306,1,263.0706176208567
26.310975954909413,106.15182546284885,-2.2633646537507057,3,5.0
15.984664063009975,105.84137359280784,5.212105318421443,3,5.0
76.70085843610532,70.37953349039286,15.934757166384209,1,231.22926859498074
61.70258018619207,63.780582224995314,5.981746429728451,3,170.75785724338306
85.76458990824449,53.320730171651185,-4.988648089087223,4,243.66620408731464
22.579513896366056,27.226434484980235,40.75007688737636,4,23.486094008630715
81.57405806739011,45.1058899843069,37.19397056154645,4,240.05467994389363
28.14645880429701,47.126399847582704,32.11461157434736,5,54.57812037925931
24.729034857913405,73.24847766812218,3.390729782301431,3,22.51029047126084
24.783921813789362,102.21888472563634,1.018178810499303,1,26.97633799768267
83.3117248208244,72.11908112377412,-1.6197625263808426,1,241.75035167980826
69.867749862658,26.36288943918767,31.20145943864606,5,209.58499409755427
57.07588822922074,125.35687810870243,41.44039803439426,1,121.46636841294013
42.29474357111523,123.69967510035235,16.526791045651848,4,58.28947266703963
88.94804867317974,106.37084974632492,0.9570335998024078,3,207.13598995309226
45.32005966803718,129.04606917206428,20.61964103660533,1,72.64731213777078
83.49394955244193,79.89305660802893,12.441595372931506,1,246.04697183588485
49.52214177131966,125.90451852785267,13.741246217499885,2,80.0205528491208
43.92499864824168,28.316554467842586,26.066531207785363,2,125.33317006313068
51.64118071026458,60.22488230875084,30.93590566311012,2,124.67615032420692
37.12400867477279,44.79193948074424,0.5301799436580428,3,96.74231941233559
77.2848442158626,41.541639254769706,-3.2204884596761807,4,232.935715478131
55.24483510832312,35.48832437819437,44.71651513428574,4,139.90637103737419
30.89914256321356,88.46550057225963,6.636417445777592,4,34.10064960931538
90.96171159471116,105.94540413220356,-2.3084737545770464,3,227.63140621822376
44.55020992358903,83.61282393623966,4.493766454795999,3,91.67510406498724
58.919757500258974,36.165898054703064,-3.052107682576789,2,170.5762339629925
91.58248998680922,109.2236146926818,14.590544730858582,1,254.53440860347277
66.18141963225929,89.95501778801014,35.120089222566214,5,155.06926993273805
20.520823663752765,62.698227673969505,12.062222487886032,5,33.71208486501513
94.58489112521276,94.15433250896693,17.209170343918327,1,260.41479745034593
66.4937247764276,48.589547716711614,28.779338678371943,2,179.17774578062873
40.14150531913775,57.97114293436316,20.444703503494008,1,97.94574265215013
22.53448653970485,120.92344274451892,38.07228430106621,1,5.0
81.46226703432664,51.955495623856244,38.301783752287825,5,215.48422558486646
65.80654803356622,71.69870949737302,-4.504465225442318,2,160.6913890952973
58.01149827786894,117.91552511356161,33.90231532415996,3,108.15249153128732
90.45033247458619,97.84934852942803,18.036680012083693,5,228.64428173262786
80.97374901020777,26.842354878117302,44.442027065183154,3,250.4716493863469
23.650739175947606,36.20333487068674,19.161603793771757,2,47.8707152222306
38.05498610159934,20.86257498491085,44.344797269414876,1,106.3008708579054
32.36402258330192,89.40139692520798,32.72846806028683,4,46.49571585832469
76.95516633154092,69.24407679514601,7.430244230665316,4,199.83815357732036
13.017919126220145,34.77023359925031,21.919748964347885,2,14.552109178321693
61.29007163841849,125.37275331624475,44.60678197392914,4,117.17496584388952
78.62128171666215,78.26256963401818,37.87653038759618,3,194.33378966790642
88.90890730855745,46.60826235241781,-0.13165531043894507,4,239.2843119727201
40.78735738443167,75.06639282701784,30.3185998404998,2,89.157413843482
83.91315742048116,94.75823660086186,12.278979293540651,2,228.88881497311837
19.95685632596865,28.386313977092094,-4.650886905982594,3,46.67061507106126
86.18070625610663,50.21741965526812,15.174048451349979,4,254.0363984906868
21.47397960987842,108.7662039972393,6.737721086248564,4,5.0
45.755856150433054,70.56313574429274,35.94346352602358,1,106.66644852084283
81.75658292015983,80.12348562355244,11.866530442288273,5,216.39837879602393
23.492568461389638,67.60976024304162,36.37618469769085,2,41.245714323958694
30.632625570937734,24.828993690730563,-4.970103058260235,1,60.53680951553456
75.00273115537597,38.23247578021715,10.390957501305957,2,230.2353866367814
74.80328828914669,69.009580261608,7.058260715388098,1,227.5137589818228
67.70328695967676,43.01040119487206,6.67836805343055,5,187.2828846169924
72.455360002039,25.49769315256466,-1.590669011726865,1,238.06346021676973
58.84519990128366,112.80146304570061,4.3562135205250865,2,118.18611003904697
32.66191530162575,127.93117820805274,22.777478494280995,4,20.99062527983636
41.112639415352746,107.24571613964133,9.568053641887225,2,66.8422273458134
26.34379451212831,113.91634138751337,15.869739116457396,3,5.0
91.76055052002656,46.61748433487499,13.843344017359424,3,268.5833512033101
62.50526152895084,125.66896730645198,38.795246249994726,3,115.87393583238698
46.07662750872759,41.661827489877126,40.264949950525775,3,123.5416484306702
51.58052232797194,124.65727913980155,19.647848582793003,5,91.7738249426105
95.25550056506339,129.4301223362546,11.507797515780219,4,238.13158912393348
23.801626280447216,98.28950863206536,0.3400352001181819,4,6.2608240572189615
62.76068488151175,127.92581049710041,42.67014396910475,2,125.3256578976148
55.52998109960194,82.6493757523814,-1.9886527549851274,1,140.78530065150022
65.0308811891183,48.54959614936993,9.882513878414022,2,185.70163956471427
11.629916543875646,68.0695474232183,9.903310058500207,2,5.0
88.49115180497364,85.29170289166646,11.020064307010745,2,244.02729423911285
93.89064542352511,28.038971822971646,3.214342163620463,2,301.7552165750945
60.861986523028804,88.45775910789708,34.15807154618486,4,135.7094782144853
72.6985741489203,127.9295620438524,1.1248930982994612,1,173.14868055181392
93.02494430595661,40.91184147621004,26.74533295765814,2,282.0848738763308
73.65147708820587,107.18546279172216,1.192301335290873,4,160.354482629978
23.72851386228352,119.86886731575812,-1.473218120352172,2,5.0
61.86595241501318,123.80717521022429,40.47147518429382,3,122.14958453602995
64.60435417445703,125.61491648459919,4.506438315935284,2,132.1177337169892
48.17176041721474,77.3605602593619,36.06250772798521,2,115.68028407324407
76.27998120622506,127.5038698790654,22.23154355535679,5,165.52690355951702
94.09303132921134,103.30412278478828,-1.10717401956152,3,244.4986563391391
93.30116616160987,37.78385798606581,42.772409571903374,1,302.76862654580293
50.57554342637189,72.4590117114767,7.348058349594627,2,131.99135707173863
20.19142412566797,99.01642929092044,37.98226726763033,1,13.446405640396128
98.63570790661011,47.20743474009917,3.4405002892282095,3,295.21971072929585
85.50082778013407,90.4676701903776,37.69714410709264,2,240.5390607132814
21.219641308294015,93.32605269512811,-4.338559354735301,5,5.0
92.87576943556351,37.89697181894225,20.589022828474032,4,278.5073960667201
88.29067258559155,82.15938436980319,33.472128971077844,5,216.3292250182625
56.69542514134649,104.87896020764684,41.739775874639164,5,120.99364713545717
63.21478921704363,74.87852309895361,40.460106810324355,4,146.0287668835422
45.910243348311724,21.331342845371818,35.98124347738224,4,125.28228798293856
14.928547493982819,20.994231598722138,39.4095674830652,4,9.40695554105423
40.16775174813108,59.27322783670134,4.9609842918538245,2,95.76891011982062
82.25681037382103,121.88134752749602,9.209214785586438,1,202.64864442037182
10.416882070414257,45.15444575639697,9.448426246052925,1,5.0
40.014925452202974,89.78000577588558,13.85269655008494,4,70.4586147507015
45.8351824231849,44.42834577626526,14.666033519259436,5,99.36270422460991
58.36560426441306,55.38369886255035,22.227766232733774,3,152.25904331229805
92.78700547714844,113.28462985616324,2.993988168322069,4,216.32622360664178
41.17113949293651,100.17475864969416,29.562333189299466,5,49.57753486216066
41.22578817066049,30.49392050445317,3.378326965225325,5,99.97347043849379
76.37511232987735,67.1572223085077,10.515424105227376,2,198.70844110673372
50.69961468008265,23.20867400097909,20.167256530307704,2,142.94118379485118
30.214434064598375,72.89791612633098,34.822028076173865,1,52.86400699076371
50.7195564519424,92.86774128711748,31.973461661936362,1,109.45956297600894
22.677131834181985,33.03528859579667,27.276717820526116,3,61.37439422162298
25.874828785560098,51.777343280008225,2.788663029008508,3,54.48213236125381
54.853099546553175,63.762028805237264,22.352267280778886,3,134.644344515473
47.70329045540931,121.14841271216547,-0.6276749100057275,3,77.67849994985886
92.33613109612901,129.25805169652602,13.868158839832539,5,228.36315180950453
42.61545092049698,24.940242889517744,15.67582651449796,5,106.88043222963275
62.25295152502391,103.71087158449312,-3.0094280277123087,1,129.69070388381724
66.90378591275774,60.88964730425776,8.699404973498591,2,184.2108367070324
11.178501092950027,63.1704004852428,42.78247336332447,2,5.0
69.71836348150396,102.96914706817249,42.681630391484475,4,154.47401581200162
26.02323701827763,121.02690753599495,12.616352712626966,5,5.0
96.49632857225096,124.60214539528033,-2.844994552583797,3,235.03202808863188
23.379645497780167,83.48348446421528,3.9547469664090773,3,5.0
47.316171135432135,59.283327523055306,14.610889671677008,4,111.95362209164875
17.681470127077947,106.63039944446572,42.38898489846149,2,5.0
99.71868266613527,47.610152158853026,2.0599531768592456,3,291.06011975570493
55.19755092981183,82.04814317168695,33.175792183410614,2,138.91695036589365
63.58465155880394,59.443630767736046,0.43412696873460366,4,148.08990368045738
16.036882964958473,92.22941810786637,44.06287886956384,2,5.0
77.496442335926,46.44388041828576,14.080824955456748,2,230.13948161737142
28.891503378602717,41.07522403083084,33.7617269449528,2,58.68064692741446
90.82488604966424,121.00629953429808,12.129554140556593,3,224.81465932105914
28.462567643380645,31.19840512444906,26.383443857940435,1,90.11516199245155
27.16189485972999,75.65536985084248,4.600804237001837,5,15.906659081039031
13.28947010632854,44.293806125930985,2.3010509648481268,2,23.587055862305867
52.48602505989993,24.28229596582342,41.903206978406565,2,156.6674415766415
60.83570199363548,23.962070012056902,40.88236389522167,2,183.73121051089728
15.913777548551714,39.27439493164101,39.37344701064412,1,24.994128483790075
79.79748550255096,115.34473899566002,26.271672508329672,4,212.6151088522161
50.795995127322485,51.072661837472936,35.413410560813915,3,121.82827758736778
57.195124239482205,124.55050876328252,-1.5481531544312546,1,103.07002496695459
49.668647224440534,83.97845222881129,11.73945209453396,2,105.31004521349331
46.06867547877934,68.02756087456427,10.68515623785781,1,112.15503532184874
60.36762981773961,83.80977181364,26.78226609763066,1,141.28176583635178
23.971622133764125,76.83682237488945,12.797888673532025,1,30.296453427202444
26.3735317445744,103.46538791330576,2.42533908218404,4,19.94664105820994
87.56070589121656,51.07456725701375,24.823353770677187,5,255.899647881777
95.15039159202695,58.83554307603326,35.719196033454075,3,277.89588264129054
43.597838465177766,118.35037327865759,14.10617472299866,4,57.479396960658086
34.367020582919835,124.1102164465446,1.613435754924085,4,28.851910110674815
67.95995889151142,118.1814050235122,4.8344098656411525,5,133.47811486653472
46.78607539882868,66.1392793353045,6.8741652584691995,4,116.78852976289934
12.284772009431038,105.84020533075699,9.994879649726812,1,5.0
24.053733762957133,72.39693066312087,27.139753525315456,1,36.74801475164556
74.43750059626578,74.72938373607124,25.04727422688595,2,206.38259144991997
69.30315477191363,42.51481199630123,29.803993078351958,4,206.17583573850862
12.438639325313513,85.0243333584368,13.125099226575657,2,5.0
29.97749457396545,40.47494875286827,36.199882593998915,3,56.50837487108323
30.796731692926425,56.47211689739132,5.204383057788014,1,58.9746029448293
70.47034692388556,114.05332217819287,18.452037375907697,3,154.21625639958043
11.773948397892774,42.77833901319407,35.046936077071514,5,5.0
19.369772378611646,27.82741136907761,4.007932386630962,1,45.2339525260017
81.99244768358705,27.590835187409795,0.49315568703914714,3,239.01692295203426
26.069019584890025,123.48629725534187,39.18419838439949,5,5.0
68.74714970666872,75.76124817580181,12.146483137959795,3,168.4388369823926
31.436450294205386,65.03532789987202,29.1935062454516,5,40.938578309664315
18.949725348341065,109.19664391087103,-3.732569786803076,5,5.0
31.88549718995087,111.94085207015677,29.502344420472483,1,31.56593462111877
75.00402386700932,56.54101364271651,10.805065577348525,2,213.70489393158377
87.01268212956572,96.29798632211748,-2.212957320627913,5,204.06191890837982
84.71978781102925,104.82350974370752,25.49063807740585,5,213.72481793921284
45.74651766566093,92.01157555525499,7.040190803658662,1,94.56775625936655
70.12766229135815,36.67545822801093,14.340362102594,2,206.54601392371924
28.448586587423886,116.34713918687628,-0.9709593856743206,4,5.0
36.383295723491194,79.30040080096096,2.358162554747266,4,57.346918617569074
90.67022366690078,51.0719669007004,9.898861774792188,2,267.34320221237465
11.170173115966243,66.77510039814632,-0.512024971992143,3,5.0
17.695767776902127,24.132819943879813,40.54131323431576,1,50.48356542059777
28.70976296314246,34.065348134465935,-4.697647840801079,2,56.29972071631644
12.387898348643773,104.2101425567447,19.19301094321557,4,5.0
26.329189158081757,20.001279823090275,1.1623729066275725,5,59.903061202245524
62.473740487272295,65.82224113305213,10.383954473897427,4,186.75077031574463
47.92820955332481,77.47611991941473,41.30297799091328,5,83.58597868951178
90.34045399692774,26.00978620010695,3.0847276636993435,1,292.6182260444747
83.56992055645968,127.03859792695661,43.29161598591663,5,182.09449851471538
40.76356165280884,44.87378643746391,5.289718849471086,2,96.75375902552733
33.34810900881632,53.461859159990894,32.078305423341476,5,54.848247697471685
44.17231673505402,53.433676348053005,22.333863244865586,3,101.40411772350635
63.1265448263327,45.345832832908485,39.22393637983796,2,178.51550174620687
34.125727674058865,20.162120429494255,22.699662775156547,1,91.26688799506098
66.17340170642206,100.2279273496796,21.727960957815434,2,170.93579447789057
46.84704869721164,126.35300497792139,4.772900018419994,3,69.70205094912293
59.68424627667822,44.672283161354954,3.3114681025829356,1,173.9955590958055
49.2513876221785,92.93519109837646,40.82445755577571,4,89.35945010071879
36.50191835877259,101.60859596545866,11.391909942501705,3,47.61068917973558
95.3607976265941,113.32679169995772,13.604112748144797,1,260.70887301370124
78.72452147437848,66.489211671497,32.99118292141942,5,201.9334199296121
22.61018581898073,53.322399620447214,11.941174121140367,2,32.25475676731369
88.16211783081215,55.78246474253342,42.60312233195014,1,255.9797765185148
53.86880784245623,98.38834664083642,31.896388449940012,2,110.42471359939083
90.50970042046822,109.84574131561996,24.871462128671,5,212.84921590579324
81.98697303525837,39.97753645322629,39.04475802723763,1,262.86459325641346
48.26921540223101,60.80351089735417,-2.519704582525862,4,101.15995551115556
12.022237748810566,119.2134216424065,7.853134609460437,3,5.0
34.180962344645145,108.73628716642132,18.251816711045496,1,57.44266116197777
58.747079319478026,128.33442430387234,6.3489269735760505,5,92.06569617314814
67.01303978435325,102.96730856502889,32.195259365107596,1,155.97986047479324
33.20989168898821,63.25147211307145,40.96040155268626,2,83.18360069738684
22.54204666655417,84.97016173941016,16.18850599654617,1,35.59787622332912
85.14372131193691,92.71156796720523,12.106630005594749,4,222.1665877070691
98.5961962633197,28.630139794883632,43.07753660687831,1,317.5365732532762
57.312116407241724,79.89466550142515,17.242621641377042,3,133.70588555746426
25.451135726347317,98.02529113198705,19.45242002246416,1,28.70359008561176
34.50765938674321,38.40534344011664,12.582493617095267,2,80.2291440305896
11.655160889272006,105.86948891681129,40.477423650606916,1,5.0
92.28689259044491,84.21500585655228,23.447774164092536,4,245.32356459490038
20.597597460112702,124.7443964267354,33.10872935908223,5,5.0
61.88648279628282,24.666452802758087,35.590335917544316,1,183.31814585429657
34.66496986184854,49.18587513110137,12.09245209586291,1,83.31463055684596
59.87602022642141,86.17092672298065,16.684716566019002,3,135.14011306963124
68.62783495166778,52.621590342652375,37.423588720313234,4,180.19620125710458
84.67676233364814,98.58665804783664,13.162767583790512,5,220.50710282388823
28.577914458454288,103.49058107741241,34.696756672592564,2,26.829493670226366
10.989624579263243,31.27675604731219,42.04961612872186,1,7.600470577038509
22.319706706192655,76.52399106274444,26.16051865340035,5,17.5720831572327
91.00167776632946,75.97796111501614,32.08136437259444,2,264.73141851088445
88.65010698062638,60.620884723709516,35.254865602056746,4,264.17340368715486
63.76717919532775,122.62173488266393,37.25198244483212,4,123.83241917759482
64.0465174390288,111.02569518605434,14.752666892839798,5,131.21138085388407
69.853300709163,96.69303201006005,-2.4368270412000914,2,158.28712832842362
25.783415076110465,98.57592993084972,15.093813561836978,4,8.902074493632231
92.29707513324638,70.7887758194431,28.687811489204492,5,265.6095320334342
47.68934724028658,121.30939732062335,17.51751928903964,4,86.73398364234195
44.48246754245477,96.40549699786139,32.448157543019924,4,85.34851652736025
56.70259347545538,100.18791678213981,12.849121473433193,4,104.33244075178771
14.226937009754954,114.78599941660798,26.737207055201477,3,5.0
24.965503188047148,50.14787482764101,4.320990242698729,2,27.51078337248334
76.42302547837333,108.77779942533734,32.46847183224784,5,185.2114593791839
17.45188011326138,41.47646632521412,22.284798440651294,5,13.139505012457402
64.28368985197494,57.98761474693766,5.20321942733003,2,181.10189991615255
32.081419871318886,56.9171499696827,9.595558674890363,2,54.513316254606124
45.036605263777886,127.63780152280546,32.43043542909162,2,78.24260439955185
35.98243630936299,114.21909461227196,19.130061783076034,2,36.5392970597986
42.01054448184542,97.12868477492857,5.8015720196536105,1,72.93268434253784
74.71413146658209,99.97624377769291,43.36355951851488,5,164.98353303686332
36.74095440608575,81.82800738428281,30.756250990844393,1,57.95975677181271
60.976417626720746,124.1799733819371,42.85674162698981,4,115.3230015542722
52.84453619791897,74.58846281705976,16.35525226801716,4,136.39361285238311
69.73040488263834,61.8569480856884,18.755017034586025,5,206.9794968302156
94.31467653922822,37.93388706247501,39.89776080925096,4,284.9591776228034
75.93148874892253,106.48262174871638,21.252467012269232,2,202.50507457744692
29.34463407316811,100.78883252831506,30.36394559528336,1,36.74409860441431
12.80648215551562,62.27905423765484,7.608643874776499,2,5.0
33.60376398698426,22.77127553551523,17.336323435132027,4,83.34774879817067
63.55701376302294,112.28970604898117,1.172493290517755,1,144.30533726077948
14.628323213582531,21.255978179948098,5.299001793848085,2,28.06497469396066
54.67296224811127,97.4069757591956,-4.952829236618445,5,97.50237288721405
63.71585640252003,126.72828206986628,-3.036747417566988,2,128.33387480072966
40.08195017352647,68.14274609630237,43.86419115884647,4,74.18806053404273
79.38209833712398,45.847074549554804,7.1176847568381145,1,246.98739989158042
19.593842782039463,97.535811104772,28.165535475200095,5,5.0
16.762400356222788,109.88409562171437,36.95498493998058,1,5.0
75.5369880583243,80.1073347685632,22.533022961828213,5,211.39789191068743
54.59421845855786,126.37388027817607,2.6572250041978096,1,112.8308076604135
71.95621567849625,25.68355938237572,31.405821866808317,4,227.46772288969774
49.13446047433716,75.5275158134981,25.012570504979152,5,105.6445286915138
32.17618299151961,99.02993420548052,31.562529467368755,3,39.94164866957101
83.71920859067798,114.89045182640969,33.48733114285436,1,223.50591584800875
81.94742910720814,39.71811730985691,43.770518384237256,1,262.7589683718669
72.52268237689842,108.00038299400495,23.6781640013355,2,164.7450696191442
34.49306235069665,80.79777832903997,12.082055634530093,5,37.756343027427555
63.12076001821784,63.620905018895954,27.42322784501185,3,179.05637872564128
42.48765072460241,34.48865314370029,-1.5779645378686933,4,100.36728498859036
18.242386599397072,115.18253347998036,39.86986591607931,2,5.0
92.55822179160185,37.30005289976869,0.9690505669098393,3,271.12807686154434
22.313676782706526,54.076664513000914,11.392141894290912,5,16.968593177035785
95.52136184387221,51.905008515868055,35.787269031306046,3,274.4478994641189
50.140519566216014,115.85554376099397,24.865618916535592,1,117.56099884040525
26.66196359547577,93.99732936297877,14.681776013872103,1,29.811696956082187
58.77108526405223,107.63495369105095,18.67178296875107,2,131.32293506295096
88.56512522887675,47.55146886717489,37.72736966010902,5,259.86072251806274
75.9002397768605,88.73615095676988,12.000219302994608,5,196.10799772028022
82.59050330753047,82.89205814581236,38.482484240608564,3,228.30563824506288
69.29050300396456,111.61134144670982,-0.5932784511654257,2,167.10161981664447
72.30489080660672,119.66957665293866,33.83992186043154,5,151.48263868086084
86.42760864087873,21.33724486251255,37.377381652736815,1,277.16039622481844
32.470120797326736,94.14219109646719,4.090882641866937,3,44.14871443304825
54.04824672788264,25.70193790317019,16.51732661861002,4,151.33551896001416
29.908849763764202,80.37445315850916,3.2749887331827807,1,44.92544471512452
98.89012071969823,51.6396001948046,30.330206449710886,2,306.98968993757524
94.9653405717952,53.745425947435535,21.767388403082837,5,286.31987245253805
13.54841302316553,58.82543537975922,26.76616733541605,1,5.0
73.50176552641196,88.34216939545712,4.824348347810558,4,187.09858224340337
93.27234856740992,56.745496223564615,5.587293102620976,4,267.9710470300305
26.25178106146002,100.59689556493085,-2.925133724504682,2,19.212704573264737
61.11507074973665,64.49801241312566,11.103376759786485,1,173.0607444189561
92.39394678292376,27.51885203409545,22.987233066683746,3,307.33592978205564
13.055138072721896,106.21358267325179,37.89674569986644,1,5.0
72.76782405221559,51.43341570519766,28.346372372934034,4,216.0613591113447
36.761410663529574,67.6043567559189,16.76981616998757,2,89.55961229012712
93.19565758388774,95.39882715440916,42.65600571970689,2,255.01413484160636
97.39524206488309,56.57017728635832,30.96226002879159,3,291.6138175400539
94.98398402020905,26.224422176138717,41.5082601431275,2,307.8885233732241
52.67927949917174,61.1313151714095,21.379398663608285,2,145.3070962211629
87.58383858903821,123.88934409637338,7.94521373965698,2,216.1153842057664
86.00944586815633,90.5907837028414,-2.3586656817639007,2,232.17371131460288
38.71904259189301,93.86270635339277,31.30424257419252,2,67.1965564956361
84.60239267356096,89.55103690014039,1.0651499002767064,4,211.17234890980936
13.330687124394336,41.889135285538046,10.138756413598358,1,23.103112260507494
63.66428906338477,66.01672505125082,21.62354539419487,5,163.50598878901488
30.700795355893273,102.603377819965,23.220829388987383,2,53.79209135964331
20.851019719955094,31.151018730847504,25.0291598493568,5,20.07235567999294
16.925788146628825,50.56380536986835,3.3127665174850325,5,5.0
72.66598982903258,50.3951019312439,13.986870241082439,4,205.14976203282765
40.58874673912595,67.52208203539567,25.859711355848336,2,101.10252860439542
75.22900943758853,127.84056150364036,43.490943231689236,5,161.19657381751745
15.882070671904813,27.42528013522041,31.381556884984434,2,29.86323854998684
38.37613040475493,77.05710938186544,41.130187854697894,3,59.41200530521068
58.55421631378035,39.73011502134315,33.11060291570885,3,155.40191574130603
81.16508483550672,126.77441999507185,24.585848444620023,3,197.55884283170164
38.68772526388629,32.46338552002106,4.601168456817227,5,78.05662654376941
66.33022387933082,64.39611025977504,28.334282594625655,3,174.72938238162797
89.73799734125684,101.16734833180668,26.168978297995352,4,239.72232900880368
65.42768693640741,97.50098708301898,25.123458522863324,4,145.38833444025497
30.96635272782704,66.50015005833255,19.489293399412038,5,60.32070957105437
12.196070340088422,58.11765847479901,21.43283019946378,2,9.380273939118704
88.3088986510837,63.73736164081576,11.722126355905203,1,250.15621884995915
11.914246976534843,49.070388947450326,20.965634632115158,2,5.0
88.72315054157795,42.58662325774797,4.877795283923913,2,251.843953098484
57.60434206244908,73.1343667314779,35.25871986801884,2,138.17035833209243
94.51609286616066,49.5387131674368,4.288847734935391,2,292.1297440376536
81.89049121962988,51.62078313869751,-0.7516855055266793,1,239.23241564507651
99.81406994800037,92.24316698220127,16.81230131785787,3,283.6146431047514
41.564063390653914,126.53910648698815,27.915371975303096,2,47.00593463872061
79.04694600380142,86.40009206153125,16.885841246677067,4,213.16239431171232
46.1737822248318,28.46774137714629,8.83770659756543,5,114.82180177622287
53.18880582735179,28.314197523947367,22.908559194522038,5,148.90623566181728
66.47549168965331,124.65655429301225,12.350116770609997,4,137.2673390350788
88.63094027677049,52.7019869338067,41.64338450633166,2,252.55735683874175
98.56751222793656,30.127368469072298,41.1322569801786,1,306.03229427034495
79.14460724780663,85.89490458654197,20.118590998604773,3,220.45897476686733
47.59901039506004,88.60136561192927,11.394199700912925,5,92.38533415593133
47.922130204936316,91.33553021305569,31.856620697831957,3,105.38388164273833
76.38240714300024,49.41422306432955,-3.164352825846668,1,226.22141591558457
31.48994311914721,21.662175263592253,18.738450302182564,5,77.05680095820664
19.94267018182552,126.1516906399919,11.816169713516675,3,5.0
41.91599418766989,47.59823502602127,41.02679425512773,1,104.37338736509142
35.85150924886736,94.36289168578023,-4.399848636365872,3,46.08353334179132
36.66773084103911,97.72928568665806,22.640743785917454,2,77.06804660345568
31.024697594491894,87.10081587874343,32.0331790533313,1,53.80833348893246
13.78838706727257,54.419813363501305,19.250899376202064,3,14.796315921510265
11.608654126007243,49.82058791404724,-0.7298484918639172,2,5.0
98.89501507624284,85.74351109729734,43.62306950139511,2,272.3467924923176
48.49958203622761,115.27051969728606,20.900521568804898,1,97.08342766514576
44.58939824437135,124.14071018157351,25.70931221595057,4,65.98453203008926
71.16825544237628,31.649638484413337,6.830489135375366,5,196.5180620536537
29.642849907855776,37.03114738574918,19.17490425534019,1,73.32614893543843
95.49650655552028,123.92098846613877,16.457474597916093,2,248.02203375438677
80.77105129739968,101.01887511682719,-1.255207899900813,2,217.63022997136318
18.046990208103356,117.12932073127504,0.3080176773733614,1,5.0
47.58226982064355,42.28958975488774,36.873625980938726,4,128.86128749267263
89.12064768059483,84.63444582203421,6.9909976103295115,5,227.64363655331812
95.02588200622692,97.1253553859221,4.747913574931527,3,244.4379057220567
52.06613601248827,94.812307399167,20.24557256250696,1,130.08185766951925
65.2070250289637,64.8966859953368,33.437356568125644,5,170.56681793079565
25.03305514828677,21.693438086043933,-1.9026740710506038,5,55.07471015800662
99.20517635232788,84.12186624846895,23.840395981912792,2,294.41445467166574
30.850453124509905,47.841169309756964,0.960522142028668,3,75.33485322064118
94.84585967216131,69.52796707571794,-3.176947458719077,1,280.6427403192021
68.46819840931316,125.33391165921991,-2.3628023918891303,2,145.4414074713232
64.69631153909732,63.89388494066782,36.70820541042207,2,176.96088827684184
56.141965991485776,112.37817673308695,0.8986241814030782,4,114.577177629677
30.760283054598283,40.739466632417624,-2.7424317793854023,5,47.08533539780831
25.887522880495744,93.97065478275317,16.894994357145613,1,22.966826294690406
29.84375881631578,127.47076498828378,37.19967359710124,1,15.419147308511208
26.779443592982908,31.208241096023045,8.120418824465096,1,48.614613057489734
80.16260262100779,20.91519364499112,16.08563087629582,2,258.75887260439134
41.51127332500571,67.69410718958758,-3.003873371812439,4,63.58241334343424
15.205840890705673,30.188803135650392,17.453925706743792,3,21.713206022238086
97.21923671267302,102.32227846438545,23.880654031856682,2,277.0440178520636
89.54072964670831,120.60035302334148,23.545352687607238,3,224.59918918928062
93.49770548756916,67.74230699796348,11.621334608718257,4,279.8620458126963
99.54170403817918,48.458280637098504,10.776659033156776,5,283.14765216928276
25.650572429753858,67.78436509072708,0.3311809468298943,1,45.96894228148888
45.661781701239285,99.5792599635001,13.339916032313418,3,90.00574284041816
78.24146281336822,20.995957773840807,-0.025266556351767555,2,230.70917257345803
72.6418556248413,84.83993884331669,33.329797235602584,3,208.49696687903776
23.850631570586955,87.4620853376117,43.31371488740929,5,5.0
83.42498124915559,90.14570715855291,43.503722833335345,1,218.27864876633365
30.19965146529946,46.62242879789649,38.25355496876969,3,47.96720330403019
30.14358533403608,98.54579957159395,25.039607466980954,5,23.399081718100128
58.32769806040722,30.053063496495405,30.043284862194,2,173.8785361895308
63.364594135753286,41.91973701134809,9.260290134020703,4,176.34951755025324
62.20775870540301,116.52170513199302,26.538521008631033,2,135.6163547364706
18.233815365797938,101.2595465799223,17.78247747199387,1,5.0
88.97147763673424,21.51201094124798,19.100866988846626,2,286.23227329805377
33.90400383298355,47.32138864067802,32.8888280187579,2,62.435936085608674
21.656342915452377,43.5847131292481,9.095917779862582,2,35.289847473282364
89.98732718820794,49.788696084066984,10.901980584725994,2,253.7033985151918
96.0086348406778,47.2315747307875,41.23208955643183,1,298.82860632845814
87.59148555389055,26.87789253171303,-2.1887852574513875,5,252.93354797434742
82.85644672523902,70.48345682565024,19.28171492066702,3,235.92705825053963
68.97177825751196,100.60068222647817,40.64004002039309,4,168.09739840944457
59.57716335482254,86.740489718918,25.51815039090785,3,135.47852819202095
17.828808392026914,94.01588354578878,22.320353710606604,3,5.0
46.760789176362884,28.926409638986307,7.487208961467761,4,121.03468338497619
43.54196653110826,124.6639781194466,12.163774453222413,1,83.68956418502461
33.37784053842935,112.23410172273273,37.602420790234646,4,24.319791629183534
75.10781023197265,108.5599350345229,22.960906588422908,1,186.63306827176783
54.628816157089375,110.52821855459442,20.737109687838995,3,117.87667689535407
17.294159431688314,122.59815589460375,-0.021014322998553325,1,5.0
29.81648817548302,79.86793627250674,-4.198592177243844,5,19.225913866756926
71.49328872936363,42.03102196543885,43.184259434352455,4,196.71147479413807
16.851777354127016,87.84619686377953,13.849308364342082,5,5.0
86.60862226438918,101.71696430347329,25.160653104975214,3,239.5731791512469
54.56318743125769,101.1709132689428,-1.0142463406357507,4,89.59020754810533
53.25279195939832,77.35939265835681,29.155714286152325,3,125.29149582002246
63.31670061935658,27.530459126693586,41.62833543529805,5,182.238071274845
84.22128693326343,60.82242322731406,23.783262649870984,3,247.11533387001955
41.30282871119738,121.28432693096931,1.3057661187705278,4,57.990532133585724
71.02145373031573,84.28938007331686,24.086076373673837,4,180.57226682457718
60.9158767596212,79.21651375812849,33.31736065523262,3,147.6723046042165
34.03254431524792,49.57388658204128,15.320826828700934,4,75.43654026173006
89.07669877196422,60.52938119082368,38.99188739707339,4,253.44857254816202
81.76834194462353,118.48806980684861,27.434147667868224,3,197.7994259486821
69.26066511925829,93.31093522795193,39.962445914460126,5,163.36994073153983
86.55235561848177,106.61257294275661,26.17526556236686,4,216.0753683283523
88.05647808638221,69.97799653744207,1.5643986002412111,4,237.14721760381437
73.75266790435313,89.32719414017737,10.484585555259455,4,179.70790322910844
85.33119955273048,47.32219696175282,5.089747412622845,4,258.3263325038854
72.77243155023552,97.60069133118348,40.441324885843116,3,150.99843482489126
71.21266945842703,67.0361467073671,33.02000336437413,5,187.77944441242823
65.67502403936659,68.68000662962201,28.8199184455003,5,166.20078729541152
77.74449756018771,91.42545570345698,10.048315981581084,1,195.02283075731026
24.274459476376634,122.99086836158193,4.2022386025106755,4,5.0
89.27836832790356,27.0406981269483,32.82255439944559,4,279.72686444636753
88.46591749707088,110.72175610817084,18.707897293953984,1,242.59793034328632
12.632255473110323,52.16214214534124,6.289477607531456,5,5.0
84.32350755082864,68.83113999570156,25.831098908263755,2,255.23226816200932
21.598288072610067,22.410466165250984,-2.9833073930774012,2,38.25251196027495
40.16069688332277,53.115068561774436,11.308512706412674,5,89.90934501115552
76.9157430662447,75.28943668931436,18.427849729556733,4,212.53116885554883
24.46839064434774,26.179368508218293,2.3979167054702923,2,47.07733614751987
83.6170321707156,74.02053023214816,44.23272387954198,3,232.63788452521138
84.89207601619677,121.982169174427,5.454868229480713,3,202.23096591652586
55.67209603847526,31.593253991858575,1.5176565021632769,1,147.13242890570834
10.574728454515022,104.08848008830547,5.17674369434482,5,5.0
35.83343198574215,65.0638158713592,33.45305665798621,5,55.59714005995762
65.5234226538168,92.06910859767719,16.27528296359214,2,156.9646796132849
98.30675602246811,48.62602577837523,23.270796987626902,4,295.16518487226875
66.86321743150015,37.54414887954941,-3.949542150681963,5,183.29284862486716
33.38232229577439,37.65088756983491,-3.278434571334272,2,75.67805837819888
67.06051327896502,27.75411402074591,17.291277491350808,2,212.5603744581277
58.59868417442699,40.42113753913674,35.832762160081174,5,144.59369229075068
80.18608556360293,93.06413234878652,39.26194393537826,2,203.9689515257412
19.628257494426258,116.98596730278588,-0.6646716202179892,1,5.0
78.49251122518253,109.5538254150278,21.918155105051138,1,220.14185442241228
58.71399208084993,95.36477408619325,40.66148431396353,5,119.90501379836331
96.66928034730952,32.147504975221295,14.398637719894317,4,308.6952114277014
40.76849494348175,51.81061909255448,36.47829157141843,1,102.12048556836059
66.93597038205533,54.078756285471584,1.6847827199718104,1,185.83328655439888
93.88252949590157,47.495264103738336,41.769724483389936,5,270.210009587141
19.225875519161132,76.65062256806954,32.57116587656513,3,5.0
94.3505638512806,78.91091963676399,42.06671963934508,2,271.68289975337154
71.9097150070732,59.25745726882212,28.83086167762532,1,220.39407363302524
16.10533531946547,58.91680746100796,13.170196599971352,3,8.364114563003483
37.086721025213464,111.14111576966894,41.909058626236124,4,48.65185210588535
73.73548797807534,106.82221331516541,8.778338815458923,3,168.97389755931056
16.061554132189453,53.85754148488202,11.608626103086628,5,5.0
62.39534141586459,120.51672882605853,30.040420900087014,4,121.06306902619482
41.129475125766106,124.80965187027566,33.26581497626931,4,51.076602554507076
65.88239659907293,55.94167962330449,41.47017419245769,3,174.3636435643542
14.116783043126157,58.986744367236035,5.240120452810475,5,5.0
88.43831255371387,75.61975687641547,34.8999017609612,1,247.55426541470524
97.61400722596572,123.52328937870409,31.927302669848174,3,251.9083783822886
97.19900697571224,116.39513764565427,-1.8102721873201064,1,262.33019624077025
77.46866485686323,31.282475884194877,14.361157060510347,3,220.79288209238362
21.70776161175688,63.20038175985579,9.13827285300493,1,45.8852961850792
78.24368763361203,80.8708308724749,10.22452121770152,3,206.3550016021988
12.212822481292136,75.3445719806694,44.14734397773504,4,5.0
11.991119637609753,41.3249374730582,27.138870673996394,2,8.383159166814945
39.12491972345872,114.46984482849702,30.883807889674976,4,48.96933672292251
53.977887136419916,94.46348612965211,43.830881865750456,1,118.85700551679834
79.33666760270138,112.16992123369839,13.860089122881934,5,195.04994842180193
71.49658389458547,114.46407072844194,35.0920084226403,4,166.30235759634434
50.13124357390735,102.31914390323138,16.72654816522477,2,106.34149496101757
34.62639996534993,68.3131661374689,38.47668359074899,1,73.21507183151701
99.74120501419401,87.1601430516967,4.03287706556516,4,272.7764149493823
48.356317201237566,37.64019467317175,42.38430885321398,3,140.71319665306322
50.62483218967079,94.10099592223985,5.938585420543983,5,82.46818113185932
24.726143907250226,39.71785813132088,11.311025349046577,1,55.55241232992907
81.53285938749364,96.33445495611726,32.80961170533902,4,207.76068724993203
72.43140032033398,45.25579768293655,14.687757078270334,1,225.93776859123187
29.869265150988436,32.9306430165242,25.410568838322334,3,64.66898366381687
17.414294105425842,38.18129391572532,17.228675053471424,2,14.183342221771534
71.24493718672417,20.21913487409773,32.118496854489095,4,218.43298461606588
68.90600928530216,99.06135796388833,6.416562618430543,1,173.75068670534563
34.59335742983884,100.5641153964217,-2.07710063815615,1,59.024236786901646
95.57772060253693,76.64266849045853,9.996469873653313,1,269.5721125934648
23.59521026028102,37.74990811609221,18.715433243421515,2,59.85701447243061
48.91013209383417,29.190977126175873,3.401002609633929,1,161.17059200878464
94.9254328150839,22.10418630810157,12.739864482819435,5,292.2503297608807
47.775458523351006,38.23229946617428,14.999150914678427,5,111.14684776194954
67.4673352897677,117.99410884814614,-2.130407815586323,1,148.4312501480778
45.78349581665149,46.569052587185,24.16536240921023,5,111.54669858125615
34.67936821138031,58.96984599389372,39.217171398564375,4,67.61931558412441
98.55798831638454,31.588003292946652,2.587145647652621,5,293.5038575519345
46.84006056835387,44.45974352229873,24.8904006700757,1,144.54979388100776
90.4689283311221,77.11470278582257,28.236960245542313,3,246.96138486915237
30.695914530197758,86.85279514052178,15.966734020964417,4,22.99707616238245
29.1794233622575,46.98875455828322,30.0548793682135,2,71.56646067994446
12.802067459606022,26.35053751476289,15.536577174550601,1,5.0
68.65001428382965,63.01361560401385,20.231864398871746,2,192.12658823956244
43.1673709351385,45.76237080189675,-4.632347772278651,3,125.91688571659964
87.79224248556733,44.15093155527821,29.58600570673444,2,269.6515390599455
52.588891602240146,125.58490829848007,28.067133947236222,1,93.31718084428798
97.13740851232495,87.79305345182965,-3.0799561336827717,1,272.8139355582721
26.697296413280903,81.25662874893055,13.412505369756655,3,28.845156036071227
88.17608511600497,65.7352613875654,43.95159203958337,1,257.6797037804697
79.89371675125676,67.18387667731588,16.03682812843084,3,230.23051773165847
79.38296601796468,79.49955042218889,20.097270256592086,3,209.06666956525794
86.03049053051988,96.6072787739718,40.49650790798593,1,245.24413087113652
78.4921591848699,97.23607058000124,30.863093793287817,5,194.79659155670976
66.35982894682738,38.886329847599455,24.10350655621118,3,201.90055315406607
21.81203899141488,75.01240272842897,34.890234067053626,1,17.153406008028114
12.927356154212672,65.3153904537512,38.218313322798664,5,5.0
92.87630630341182,115.75796628963226,17.844403586863343,3,239.89363445240284
65.49852830686643,89.4560813340214,18.75541824659177,5,156.49378768020463
81.68835618785587,78.57544730575799,14.30254678259179,4,212.2201483695806
53.3370116361295,32.69341063968091,43.33530700092303,4,134.5539185310585
20.557737006615504,86.62016782557527,29.858312714517517,5,5.0
21.26672129822954,32.89242962482568,-0.8388466895963855,3,30.01367345141035
71.70087585060742,57.09272331223273,38.147981165650926,1,199.40765432349093
48.72753054095164,35.7126161295765,19.027997041813403,2,134.78451929609395
28.047225403030303,96.12810117268057,-1.562304678875627,1,32.65513090918684
54.24350920672932,42.687732521976784,22.485862758165553,2,151.01299471747146
15.778804336762068,63.10453105068286,15.858213948785103,2,5.965142674954252
62.37742617229589,118.52422553806565,38.88747024313125,3,128.5716901852405
34.209406399158794,42.47480217388673,5.199730180469368,5,52.1891420768291
81.78031905734693,75.85855703546571,36.32323047460915,1,219.21767904660305
37.932576303121635,66.11988272826241,22.884434559272638,5,75.4285367142397
50.969813417362104,21.99364451503027,-2.2694848393265477,4,133.59413142679702
11.045848591729058,107.2033924930094,43.59226506627423,3,5.0
16.5202199015103,27.59504969460597,20.630762205159996,3,36.450501554590815
45.32442007660163,72.1680523074649,9.543842711579124,4,100.10552529910191
53.19449512454111,81.6746124432845,18.470342099462904,1,146.32227660820914
64.00184933073734,89.12691022760458,37.89288917587445,4,147.5084562287227
36.24963208383729,95.74947922386632,10.245156219253175,1,65.9131426540427
72.54836975138883,47.85996218749866,4.633819824335015,2,205.5816369343275
87.41101574702842,21.09766543242943,1.4535623465440732,3,292.68034009670924
80.18658900040148,99.57880285904032,9.892969919510563,1,227.93203697327337
13.565694281352144,78.92222592823364,34.00240435200217,5,5.0
53.24562525320461,111.97294735279736,18.581318259763083,5,100.9011371176845
19.44371605763574,110.35271991907636,6.374080184676998,3,5.0
31.78405142762747,112.76587845666715,3.3092499804874596,4,18.93123687637798
98.79963339404318,73.36041259774942,11.636473825518955,4,276.3840662843114
22.824598861136188,56.69912354205522,41.99621864428544,1,40.860052439084406
54.899933810622045,107.0714022850507,12.151335629501219,4,108.59497518661661
65.63401608863072,69.64235243321804,44.40620379773177,3,168.43511892834607
73.22184734896936,40.178641604377795,19.261522788267808,1,220.3997191295295
60.36838151382227,114.04714215176217,3.9581959145075434,2,113.9029511862165
10.87937626772653,117.0815864449582,39.55700458967547,4,5.0
39.38151774195927,71.2940731754187,18.017768656741346,4,84.70567198625636
56.59404790462403,28.32697000407662,30.48356717522622,1,171.8831048010393
17.907984923035002,62.660869890862436,44.185579160457586,5,7.698629788392944
41.55642380882627,108.38914254088637,-2.4912324840013,4,48.98617420943525
12.98827979122299,119.19514314008515,-0.16527201062164298,3,5.0
17.072064743951866,42.38200167473554,31.022837073137808,4,14.176048312166033
45.72309485814365,27.36709732277987,9.0912501647736,2,129.78633307293393
21.94441786387543,116.50854984461225,4.215069847504953,4,5.0
61.07867634354023,62.83454328767628,-3.0319060090135252,5,139.86217623366775
72.05184722235391,79.59370606943196,-3.9076644006899097,4,189.00692977082275
82.05280291981745,126.48723932558349,33.72428015598955,1,218.33809026168123
28.01352198203291,27.322120070564516,1.7216713684774998,4,57.22957122642075
25.07343240331628,91.31498081973051,18.386030798557545,5,21.52012060066624
19.411105630096024,28.15159648323538,25.29484075897415,1,37.27799894680312
67.2787224589273,61.301582131315044,16.417590028442312,3,193.06338766828878
73.5828153838211,108.41959997127914,-3.6446673831883447,1,186.60843817580675
12.842753034307783,67.68194560311979,34.175075129395445,2,5.0
94.25910216193208,129.69005892932455,-4.474338772917326,1,237.37858198903825
14.677415528632517,81.49652134412624,33.0944947188742,3,5.0
58.71667017709634,55.32783678995489,39.66522468940614,4,144.1117365208848
73.81544675058248,44.212245849522844,16.641996052858616,1,220.6761863969916
88.3872211371477,58.5572587714778,21.777123654889913,1,262.30572867460245
74.2678238919185,60.97866011355059,18.849169630882688,1,219.06779944231397
82.15552747628126,27.558504549635707,14.460430931171942,1,260.6417082455019
40.55051732885255,60.65316193694505,39.371226768518014,3,79.98952670328951
83.3342602371861,71.06623717131474,39.69667553349952,5,213.48109712798015
17.210336174620764,99.50115274626852,11.790818232076727,5,5.0
90.53349904544748,92.24024331937687,25.7534877007349,1,264.99369928194557
59.28331385383626,97.96422207520696,41.34537810729321,3,123.68671356336552
83.55679929662443,20.920005006454282,43.10292494706758,3,255.33611490401975
50.70864560664701,43.943413953858965,20.447952021102378,1,142.83981113920416
67.92199256768725,92.78527172398421,17.64124026421634,2,175.02425516867675
57.37623948425019,73.23883049977218,8.934715796426289,1,151.29742212181114
75.84305695797987,20.584482323518053,42.9435936595205,2,212.36532018106516
17.34669838275306,108.49441066750046,2.140715223643368,1,5.0
15.431687559150742,105.00905306193711,23.99147880238625,2,5.0
32.23929106091318,80.3261079292919,9.127513375931944,2,43.091367007100416
24.359021210186953,27.310965835389933,8.95041451738983,1,51.87177458349763
88.46052099329815,104.31665544858431,15.248429368809422,2,232.71917485269054
29.72925886222399,84.20849465045004,44.939646790782724,4,22.303418355548015
97.82787302372182,106.01559748737552,-2.2516846580088967,5,250.87893821897032
40.320621259399616,102.69216916354245,23.927090910176574,3,51.16383425483165
26.390612411982936,108.33022791536209,-0.8713920982361412,2,5.0
81.07286564282312,76.98088730450874,2.726041499525948,2,234.17049156838533
69.28369979507886,35.43569700128665,16.978147088644935,3,199.79703017867786
54.837614480782506,93.82732207176575,20.523006567322064,2,136.99188629143154
59.982719584386814,88.25211635571677,7.9396204182262,3,142.20680246393536
74.72816004450374,101.64785059189958,10.822856543720809,1,177.6148507014056
30.560926719816884,38.68691066558088,-0.6516489872033473,4,63.77307108685888
99.67005244510678,41.44727198903182,10.160989192212526,4,302.29987762379676
97.73138459321048,117.94504689412614,43.3279219690272,5,239.11791270215215
68.52931177122431,102.49755782972778,42.235369083624086,2,164.2195656133748
27.958820583623062,119.90513375703551,11.74391450684925,5,5.607425475733452
71.22054181881622,103.45868532803128,23.54269681393808,1,188.24034101925972
16.497856808125825,85.6870836589332,40.479769555547215,4,5.0
12.758725198522546,91.9546010730661,-4.690808867955166,1,5.0
33.19145996600923,117.8040716334011,35.53417851687959,1,25.068922783948935
51.636066106538465,83.66874299631345,42.418477639445946,2,110.56843085810866
88.14452548675425,89.56304567612261,-0.4337132833221471,1,265.3389131667864
75.44521627896772,37.21243876039607,3.0723843016460517,4,223.95567592386163
76.84358690799829,72.13133421277129,43.03731513856777,5,216.21312600139606
48.29440010032678,98.80368231539089,21.877007182017316,4,104.86246649230961
41.13414932922666,49.8036968148002,-4.290168276413815,2,97.50565382529365
43.393488668614246,42.247959857698845,7.881599938176457,4,107.29233095905008
98.88846073624521,54.52094890468571,17.49718371344298,3,299.30327640040923
13.609827227123423,46.56506907921168,29.64544555123838,5,5.0
88.03283465102037,43.64039007400355,31.658018906839978,3,266.211857691179
62.080786771515406,66.73359271548956,44.771075646272806,3,165.81956423283864
49.47538772706314,119.86223652718876,9.37555996918795,2,83.39961915751331
75.27318943736229,75.77656114125901,21.91100509342376,1,217.2502523758766
53.80020472822326,40.67124188968553,21.666177392980252,3,158.57717073930775
88.60809142734945,28.46688363189615,15.282262972361874,4,267.0836514910303
91.06316776101326,96.57717596517178,3.4580946921210103,1,245.74759654654247
47.95488341861099,62.107864088002664,43.872828159192125,4,97.68495032484277
34.914501751154646,110.40140412438952,37.6658593333293,4,27.116245067560566
63.3115295734026,92.54618455048472,19.91665141471186,1,150.92846107327853
92.11270110550218,107.58655955955054,25.16227113420149,1,245.37402198882245
28.95959701050999,49.91406433602936,6.363052677983115,4,60.51101745274332
66.06699252071346,96.1594814707164,22.189353519587346,2,158.13922729950997
66.84041980832686,49.046818316309064,29.748506656073793,5,182.42564942941456
75.98017201737528,123.29753273953207,20.75835141932944,5,167.4324729554584
21.841091661453383,90.00117096867118,44.514258529247066,2,14.86834231848082
74.42424682138797,55.69629801928763,25.56708281238631,1,232.12955031115968
91.81292685990769,49.646304852149996,13.548685629608453,4,279.0894952073419
26.171479798321776,41.00192435788078,33.607601380791905,5,44.80506055190303
31.378899243148986,96.41050547831006,3.5231255790821017,4,26.740618000941073
97.42555846374756,44.058717429772,14.225790685313328,2,293.90954280584856
26.28792574385408,85.4833592520238,12.347947518879291,4,36.40513460880428
86.89465840326213,49.10985296178931,16.590354755388862,2,258.42415039447894
54.30500708032313,92.81658392732554,34.08899129643631,1,130.85114868242383
32.25079669628593,109.64337013945931,19.208651608170374,2,46.45175157758051
88.36749111452603,105.58277674591184,34.70072251329814,2,228.41401987273213
50.077472950239894,103.693646402386,23.824445156993296,5,100.62928964013841
56.333561853672116,40.64946462614773,12.103471732877768,4,158.9328820320257
42.33100324597891,29.722344168297056,35.49893718417362,5,118.74924066933261
63.36557662914347,96.88437113361242,6.914483527654578,3,141.85991720148286
24.717148532652047,60.51819351737864,6.219148989989774,2,25.599851211613164
45.197338298658465,67.5580849043682,20.22514620274179,3,100.90197354022435
97.24710901017588,23.426400207273016,8.042462298104446,5,302.3968546707682
33.23200894310148,48.55340942025541,-4.545648252439184,4,61.027428164406686
69.1062998087163,23.704404426191044,27.414876364940078,5,202.33595295861997
39.267105780222536,116.71043498613724,20.5546910736199,4,35.55690599672654
79.61258131179406,46.77363515403835,17.27589072465806,4,236.45407375775227
21.778629464651484,81.30708865303089,43.348425730915764,1,30.680335474752958
97.28389405706902,24.287725272724344,23.559959198145684,2,321.0110202618327
50.841058724527535,93.35321304362239,38.171578889469224,5,100.33623030631334
31.244541701181756,55.53300803295033,1.972511810258009,4,56.604658307709954
16.614707259701138,118.77111056534324,23.460323156471386,5,5.0
25.27821145787867,117.69300078274394,38.39898133654515,5,5.0
56.77965537004159,55.78196801979225,24.1552878639949,4,151.56048728715757
40.33028587881577,119.10569852595147,30.900708906350076,3,51.6308805405181
84.59950292943485,129.57734408486567,13.60217839061037,2,200.6248138782767
48.779877129562536,110.79572305363429,-0.37752414814666935,2,85.30933721978424
32.384284532886696,112.93584825307519,17.89501475635357,1,42.45452878740508
65.5430487943627,47.39096097199989,14.723969541942875,1,191.5270183248629
73.60994951969013,83.43726387435319,38.35300911894737,1,199.54597081177602
25.033771711085485,27.398150536410462,7.1997651176236115,2,60.77241778360572
25.08572946594859,30.44097305038367,43.3367113767554,3,55.666220200049146
13.300428424018868,129.87818732366196,42.90690599022481,2,5.0
76.27618135590765,55.9303174368502,7.3815821535719355,2,220.1851364928263
69.74240748596246,102.30023032537311,12.402597773866024,2,160.4171145940099
52.71677881748325,108.7331558329498,39.777787043694254,2,101.39688476939028
85.97534040722775,114.38255981079521,43.331111044805375,3,212.1042116601506
82.51031376550479,129.73911271423722,17.1719551418022,1,190.32526255802864
62.6818927957077,46.56461337825546,11.049852282044892,5,178.17711383166144
88.14441524619328,24.43859095456697,21.3047006625771,1,290.7032023540509
28.52570890330914,65.23106697940446,29.38846031828674,1,56.7967795232669
20.072765745795508,34.30887368118417,8.67372576874899,5,35.2630579092835
34.277465036529065,22.466847807826063,31.82365873095364,2,89.52041280963586
15.137817048038336,59.64695098556347,-2.4171321442679483,3,5.0
57.80525752009288,106.211207618276,-2.5352753617791777,3,115.89865361983232
94.29451230654654,82.27987603475779,14.314385257277262,1,272.11592661884174
13.540918660165868,54.405578813138945,12.673659603036029,5,5.0
20.989892260902412,91.97762060419917,10.781660768357614,4,11.115540567474193
50.697912545509176,45.521999833969176,19.5509881334455,2,138.14588894167426
94.04875157751144,21.581959067929354,11.036679115578561,1,313.4318407019295
38.45404944790755,104.07887250800701,4.612895923404597,3,38.186948832458576
55.65113278195532,88.611739335041,10.473477454430046,5,126.44122035510932
13.741557314535289,103.8532886951056,43.74521364051175,5,5.0
23.350888086587997,24.28318183564322,15.55567084974243,1,61.35994042394746
98.79671106629623,112.08315906137175,17.23563884291679,4,258.81730910327707
96.86068267924409,88.14788200399336,23.827249497557002,3,276.59276042084406
10.444598284096866,81.97348857839042,44.16703842071133,1,5.0
95.6630606880915,88.70754529259847,7.080063821788151,4,245.52231717024858
67.52079440339503,115.08765715552005,29.064105526621688,5,150.7007630085149
88.112646506802,84.56301572147977,30.799234677086204,2,238.84382105285343
50.92658700704732,83.90454178769973,25.366220839653295,3,114.3944939457866
56.40364257213252,128.97470727723424,-0.5710830181677959,3,97.01645047622685
53.99619222312282,103.24031837754248,28.84361379137882,4,104.8784901754708
70.01778317914939,68.65231859962489,-1.7952644481912259,1,190.26902315554963
22.568612928068163,97.81367000362205,24.807132477494847,5,5.0
12.697623088541015,62.815351886096735,31.979058861087132,4,5.0
37.713694743207185,45.176300873184886,5.548494530997521,2,75.95840080012444
73.4212686462982,85.65370645765354,37.0811003771387,2,195.8678923392228
28.166810691065354,122.10003079253467,-3.482309723349787,2,5.0
70.60891899924256,122.2053472017009,37.1906431829153,4,142.3643517527027
97.29208414965434,57.60958059160394,18.016452532138253,5,285.98219414647275
18.451064421047654,78.04452128438645,5.879396996582225,3,5.0
70.53419064026136,43.27994884268473,1.6889072496984001,1,209.09497140894032
49.93751973741141,129.51942204487716,42.66535837911863,3,65.42050723987373
88.13280289397548,127.92296986547294,-1.3667206209421643,5,206.05451663579618
25.94348105026473,91.4459822678192,4.954670996796283,3,9.72160404491055
72.33633570035481,108.48554656452207,12.3911173716523,4,164.63434182495502
85.43037606832992,98.661017741207,26.011742448056022,2,232.5566037187534
95.0152797526621,85.2474040943415,22.240054263804918,5,255.12867807745255
71.49232254606812,25.868279668778747,1.2821746206156988,5,205.95131896087105
54.74572876075846,70.02407768079271,9.486399186910731,3,120.47951971898445
65.60625161810924,94.22649323841516,6.937588554301204,4,156.10802497082298
88.20144860308464,94.52847752720531,5.6771427245170685,3,247.5781511286861
61.35487719749467,61.04348802646219,15.557216823999351,3,185.8765350482335
12.734835372715317,123.58611853238337,30.20157262958284,5,5.0
93.78538259562801,38.40927354604591,5.872646610861796,3,293.0579667277927
72.0574075928405,75.03953908371167,13.33394398514907,2,181.46577533551448
70.88620471995219,95.99723742059051,14.545871342058113,3,187.54359721474634
29.410763715794545,96.68493864809902,43.82282647177051,2,34.40740726550615
69.29969232093916,91.3502852445697,42.733317843953444,5,155.573957279354
45.44779650887426,50.28170347970462,35.006879137603796,4,117.59296044050768
68.61096793373429,37.182722555528414,7.082946040959259,2,201.8261240379739
19.593372727719164,89.9534359509382,-1.5981342954165156,4,5.0
69.20607741427324,85.92323277533815,10.845206886031239,4,174.0080934425859
99.94723531935999,39.72916113181651,8.339727471691543,2,304.00688192870416
14.339083497450043,97.56530601276197,20.296290007319694,5,5.0
97.94567657991855,70.0689190907022,33.88639550338965,1,283.56603987852304
46.621716465058356,93.45366507634682,37.9161469439429,4,76.33691148573351
88.36781053035332,112.11037877471658,37.243204270525425,4,212.64630957592982
80.4146935652446,38.67012714346155,12.983778061153387,5,240.7188627168695
61.0314634888001,22.105935479652036,29.361717173034144,5,172.4676711616378
76.46042883261939,105.70128450353654,10.641709876211001,3,176.86344788759297
89.06640051712131,87.06671676678775,-1.9547228382408646,5,225.06504261506922
46.37262894859297,96.9603526584334,30.078263280147112,4,84.6403454475126
39.43298454069148,112.19704724875068,-4.508622371510608,2,42.645988725250454
70.08340470072262,108.30920283069506,15.45912937292443,1,164.47659763100717
82.70613477471328,125.70121616217071,11.468963465103787,3,214.72869807303223
78.60566212989542,78.952858673733,29.66887692594262,2,209.79602824950604
81.80322839727711,73.73451959258959,33.312273638018944,1,230.96133922952455
49.20249833316397,64.20759198798031,10.204731798564191,1,122.0281856863171
83.60507945575195,36.9060147128625,35.581350722242675,1,257.6707745163537
20.81881498335476,82.98679561702247,9.695838025246688,2,15.12288420137967
59.00401881647646,50.47137767585767,17.31631799932806,3,169.94291005566063
10.518279444830942,121.3438263434273,31.3509263507067,3,5.0
39.21272469102433,84.15098847048073,29.646011461239432,1,69.80371245906215
42.98153813842581,85.21241985589212,44.36842361561,2,92.55608394750227
45.655542244832986,59.0417126964711,6.258051210796594,1,113.30986199377796
72.5920486020876,25.718828717547822,28.115895676979115,5,230.03708912484362
44.97022911433112,23.491814191028748,25.48409541378887,3,111.9423880395048
50.38242603602776,66.56686585685173,40.7549227245015,4,114.45962829245205
31.378971778689472,29.302191590696165,2.8181070822437526,1,95.9211797749026
43.59266124664061,86.7531651094153,32.58990817934665,5,73.46033894234904
30.454266453683633,116.90703062036232,23.413430813438417,3,22.076394503622872
16.587633139159927,117.12062981705944,8.73329348939527,2,5.0
64.31037340432401,92.49499511454556,18.721745707358703,3,151.80764157827053
70.13915186995146,43.23550146202241,11.688829853489889,2,204.9246871525908
65.7541311408653,114.92965144947593,23.965670139423043,2,149.69287931404256
51.71446394205151,117.4702778844529,39.450030540733295,1,94.51907897480424
44.18072021613068,41.631894344825454,23.4652492206101,1,134.89813686292254
87.70002846146427,101.1168694347745,26.586120916329204,3,236.13415384610002
56.71736066225962,51.51715038198353,20.937392355735472,5,149.18045488783918
53.126368986675786,108.29043435882227,-2.4417246777262047,3,105.65990902210234
12.307785922579212,129.6961689893963,6.642927843804712,4,5.0
40.71230448635407,23.30286058623321,19.600086471604136,2,113.35775339231779
44.21760569072713,118.71024523700251,10.511764187235238,2,66.1191840133211
45.894050280721046,88.48935869585239,4.088179888059711,1,96.385097049073
62.215513230459905,127.07208810813033,20.206642095921914,5,112.32000661311699
58.02422920541906,71.15104692790703,11.140489672392516,1,148.0482817984861
64.71145835141002,113.21267236285111,7.9053821586707365,4,132.79572054072122
78.83949353879154,26.863347545810495,18.19927087201904,3,263.2963770457238
83.16871648444841,56.88069550861253,1.6642129041086573,3,214.63725603257407
74.6310768603845,27.371819152633098,41.38728665377037,5,215.59380508701267
95.99713263594413,127.28774468269776,38.38510489596195,1,262.86882580031914
11.640932440872547,109.86712979990205,30.381029287026763,1,5.0
27.620018711519148,113.78021633705676,0.3106913794228108,4,9.753552027220824
10.68065874803279,123.17617545772836,33.79386272348465,3,5.0
68.27272427391426,29.36138347317639,35.39786640545095,1,206.6398912628819
90.82274940549883,62.41573517646667,33.38823088571689,5,237.93956198300785
31.913406691866935,27.813837794840232,0.6982943559620578,3,76.13158398330538
93.4331090316676,43.18724117050315,27.195397853388236,4,276.82052493036025
15.424065126060476,45.23023547414396,36.71623978746993,5,5.0
94.09924241249628,71.60179321523366,23.867670060983386,2,273.64730644237056
41.6460418515671,49.541838419900685,27.320368761404453,4,111.86678717697062
19.127874560429486,31.10759174995372,17.91817397131531,5,45.88897583808887
53.72845832676931,38.42401980035184,21.43536599420263,1,162.5070021613897
33.109891094845715,36.20031199073,-3.2811570824137393,2,72.33383101326268
35.638561176573056,127.03844777035282,26.94815109866423,4,21.11482367671863
37.65609684336579,103.5221757610321,-0.9276393554420403,1,60.26029904535273
82.27233080493971,126.45376117965182,16.75072971701117,2,216.24443779682355
58.52451490077291,68.37145351586994,9.632754883370392,3,144.8873089003301
38.01769292404033,50.62053298289223,22.271397510585654,1,79.54907811414577
64.93004049798265,107.81225169301054,1.670816776160354,5,139.79651481212127
74.45356068008742,55.88793098452614,29.582170098665912,4,215.90503344172433
34.53616006601804,52.93217110758831,34.75057684642352,2,63.33026170485396
47.21941913728163,45.57565914286143,3.1677224871578247,1,127.80153395893561
20.96974840032528,34.26468760466589,0.21565436759410783,3,35.731376714465384
26.303441458121227,48.210936711844255,2.2757741393679574,4,38.660934315993416
71.30060685684845,59.08517233212765,38.856378094925084,4,185.0323020090401
26.329451292606425,94.13936289603035,21.40946308781781,1,39.56074481013985
57.26470453003542,26.882132644139674,18.36304980037513,3,167.61536822104074
73.81416355501895,43.155763363187724,0.33559095511771364,2,203.90886150510136
19.618923078526947,108.9926004320844,27.477800337848088,1,5.0
61.058099766601316,36.16141159421478,38.3999795947545,2,187.5333065486684
33.09065053312274,57.690966117477366,36.40929346617265,4,64.37229162074306
96.66341877138218,115.11248140439541,26.302735449040064,2,260.23717105461765
53.51910820479323,37.04178422577869,-1.2360641674163189,3,140.27518541953614
82.53932947976423,29.101051918000888,0.6198513588006485,5,238.64297525826956
59.52038879406356,73.29917945880119,-2.534550644508766,3,133.92213965860532
13.907127956933724,53.266146240639,7.873960824623465,2,5.0
66.98362380346201,81.97492009322394,1.7830733580188873,1,156.2102628784288
95.62630079859913,108.41853795318227,8.002402012621694,4,242.15338160048816
64.1450638131698,35.086333696801745,14.252902785948084,5,177.86958411158372
83.72699734841112,83.87689930097135,42.149139203556786,1,235.53773583495672
89.5785817013567,75.60596364288503,25.518802989084605,1,262.4345248663967
30.527179475403923,35.848666461451955,36.748689284148114,3,73.79583748438777
29.0840355917404,88.63983340818807,30.51757503561661,2,47.996275352839355
64.98828899658926,50.10044596468488,0.6251565263315868,3,185.3141672703769
46.99256228260342,73.66177503984137,31.796020318697444,2,112.12257361675661
85.58751725800484,29.049955670476805,8.754944077956221,3,264.92321606535967
91.002081105821,70.55424629349854,26.955392349735316,1,262.3462750870718
41.807924137244626,53.71098148471024,12.048098682149426,4,100.03993747342433
31.318350307703387,110.46193323038898,44.88361316323296,2,39.62159993120752
80.24729637194757,26.26765996971051,8.177573974838891,5,242.31281922712907
34.73254319933225,66.04680024101629,8.956523538713483,5,72.05650365594748
84.03528866623105,70.42745665445818,41.53361277811992,1,227.84901756339715
48.13644282838865,99.75066839290307,-3.7677797681838667,3,77.08672987810854
70.07949093623233,83.17163325992321,29.834449393659845,3,187.0830706253814
18.59817824512014,93.39335709135992,31.266319536793908,1,5.0
66.14733922089158,105.47542142169317,36.81892887051997,5,152.8131202844711
50.65909108635062,114.84232710240076,43.721965531923765,5,79.58886320220331
62.79476168579267,54.52630463947175,43.78009595783262,3,159.41004135323158
25.12127869703771,79.18249759002933,-1.7361621216768053,2,21.211766099303315
76.31863704497638,112.41188862831198,36.09196613764512,4,165.7698382579822
87.65173697889057,128.8396244061562,27.315496682869068,2,210.3223807244994
29.506582008169808,117.84712421481395,27.36710671865456,5,18.19747179558822
18.614309996814555,60.86139888868145,1.41749633073474,2,19.382543503692855
12.127472744170277,41.46831689405155,27.509358322282665,4,5.0
67.77743503989393,73.83317911472476,44.12412903006239,2,162.3028433910852
64.63846324799027,101.58055970196465,40.59092847697235,2,146.98268555189512
59.2027671442663,74.18259778286273,16.956533040242526,2,142.882740442031
30.875238650437787,73.14989496450353,-3.002601335695283,2,55.584623793854156
45.18153963149632,112.20534631899807,13.114674500010242,1,78.58827365034158
63.50287016675557,59.7544156973905,36.31951558002776,5,151.9936082469467
54.709017297325246,114.57741422928102,30.0749550732583,4,103.74349929473783
98.90069681933986,64.7485281046896,17.96718277969782,5,280.56895946207806
22.27957773010598,56.105641624617334,-2.2449232420584453,1,42.4871190654068
72.56300986428344,69.9388902319669,16.34473639116513,1,199.86660776200443
46.38868912938629,103.86916545423553,18.451246985894176,1,83.42558540087131
48.53796534330533,33.86022306503937,41.427776644706796,1,120.57232607860217
74.58379890923587,41.60611374592192,27.05430517910797,2,225.81161384382187
72.31925361919326,124.65893082294012,10.582645832732444,5,149.25964659564193
99.21303943319695,39.30407901194931,21.26591322253607,3,299.9383190459403
21.55548605087127,82.450004972416,-1.6972346088919963,4,10.009116041089328
19.36986844457497,83.72459133281316,43.62841178248684,1,10.246381222763695
75.1904935415867,73.85869082552693,13.0029950965363,5,195.02696790735402
62.05482253057682,90.92197734345004,18.89336774565679,1,168.3106495025785
34.67445999038253,45.28093983773803,12.76419871184613,1,91.79801381562339
17.147743209008794,80.79284945544231,29.125586505810006,1,5.0
17.70924246367875,60.939058077158684,28.11160791647965,1,10.660509298062422
90.47717871977065,92.7833985592108,30.76611552645678,1,260.037492528719
27.268059224686862,35.53458977104644,8.407161480596042,4,55.851253667753376
39.10344059039687,82.7965158523424,10.783424058203298,5,64.05548432203024
30.399076200428922,40.37973909216561,1.2625615548103974,1,63.10196544517476
41.94966752487436,50.65073694265401,27.77549859230563,1,114.98677527059162
16.248145847148404,44.05807803559415,-3.0101436332173725,1,10.385615125304376
56.715381181744334,40.11215578556988,24.884116776172952,1,168.46700071754464
16.085130723299343,110.82820467167336,38.48479424258169,2,5.0
82.03208570401254,51.427832442697934,39.541607414481675,2,235.95228364615133
31.034087371938973,121.98361600508943,17.451888018498085,3,9.025977349549098
58.601072314405954,126.691917787971,17.965184410653688,1,115.05429865693885
89.20711788053124,82.8386516930807,-1.1515408495991322,3,249.2154958396723
68.57896321424747,35.730123493229904,28.53825127215179,4,202.01084574410916
57.966200789620174,61.20030677175394,36.06297101864227,3,147.50531126365132
39.190037780383804,107.75054896830355,7.232752730235653,5,42.53515349996288
39.97017217523781,60.41298015667775,16.065044081668233,2,97.15671141241855
70.25382596783712,29.57189401330676,36.94196683826352,2,207.37562893621867
99.47254250990508,81.24634020210067,38.8560233831144,1,291.1090098593024
69.56552708644408,112.96329366456382,7.158999013211297,1,159.91493165859683
60.20050756330224,107.55190258578526,22.528531727068213,4,122.77794714705898
75.75854592153215,39.26354541433886,4.624657531791353,4,213.54674701087566
51.86850510553463,94.00410758537134,0.0939382069778274,5,93.37161902906784
15.412810834070669,44.25546897792118,40.55602506959788,1,15.578507817185855
60.60671342901188,44.002828800738946,36.02537521160546,1,177.99529599734495
96.18627560548421,116.14789506357036,33.00174509015869,4,217.0556072135615
25.777264812189365,47.46358480142531,-2.561684059342979,4,29.456397876096283
72.10044017385991,48.957208116981235,37.186439635512876,4,197.77008006526748
28.084031979315082,20.07187298374295,16.902203795269187,2,88.25236596433132
58.22449160257732,115.77359375380695,12.119756164792982,3,109.72944595559657
18.700880468204765,107.18542945300482,22.323818051268823,3,5.0
50.53338426323666,89.00618285997459,-0.43233786382220885,1,122.45044253770139
78.05469960057215,102.52923403327264,32.83232746761994,2,188.8372289554128
41.28143718150839,36.7253424166941,24.121753844414794,4,108.75292495441218
69.84205520384963,70.41559540463331,4.329504843658377,1,184.7114632366809
81.59049647107562,58.634132608365896,4.41160998845228,2,231.3138321408122
93.44600375315073,30.315417888271813,4.212432578633711,5,275.33184876289147
31.117787366990818,73.47435337364165,-2.149880622403301,2,41.31283304399447
45.938432422837735,121.28136153768989,24.38992246858424,1,104.83502475313637
23.71744119973757,24.406503095576394,37.0174088794254,3,57.11582576653882
99.32351519425377,52.06070048431733,-4.12508930063057,4,298.7597500633353
93.43008711318657,42.82950298262738,-2.5497677514363226,5,275.42364390069406
58.59614172525036,46.19613190322659,23.63851383434729,2,155.86335705548572
85.78299649387792,119.92780070673128,35.97478426930262,1,221.85355735939933
56.8862179544838,71.48759596577192,11.33694452843168,1,156.52741998866156
66.12271192024838,71.29293542338007,12.480719940386109,4,162.01882265068284
18.021198890441497,103.66332067008105,24.817324874838796,1,5.0
77.97433784471271,36.994142440541836,8.71064445620735,1,247.03264445348495
21.494213527171134,73.59918895100559,-3.6695816961157934,4,19.618721654558662
84.34608672272755,67.29837355331657,31.761425905079804,5,227.58544493541558
80.38252789033473,85.66017596013218,26.282495647072654,3,207.44885592305738
73.78702279686789,129.95134735754823,24.037799952782954,3,164.57562651841513
13.254434247228591,104.63937834902518,32.08420644959116,2,5.0
37.28155203507957,63.76522733191699,28.761541878101873,5,54.894431925651844
33.680131291975854,111.03083575014517,5.294099408916058,2,20.032592111946563
42.41227667243672,38.77791996437282,12.624052347167556,3,110.14099954522474
17.88784720874547,23.351005493985614,1.30550708393125,4,20.778350425597033
94.32620407279565,42.489320971070036,1.4928506708940512,1,292.5070850859058
59.842201664113865,57.44527117256856,28.80978731782696,3,167.81912236361353
37.49718795922212,76.16388332055159,37.93000534912491,5,54.74927095634567
45.72833653668551,87.66420545953198,43.136629193056955,3,72.01195627801235
50.24822864543521,120.16662889358639,26.417355877472218,5,98.35773302948206
64.05349000245556,76.08394105055035,4.205066168047848,5,143.44105054597318
56.4111484926848,75.14032090883023,0.282517272446535,5,115.1955371119805
92.74527758929756,25.526731080528034,35.64254857683789,2,304.66517359327025
54.726713461524724,23.84027079218462,23.937823817999963,4,157.38829214449365
99.29422133409814,80.62759581080093,25.91425105068599,3,285.08039794631003
86.62824619705862,68.1996474573179,34.07310443773546,4,245.3121524327028
28.765946292160223,112.30984344783285,30.163861386622578,1,34.698026224092004
93.75356931795247,37.67475431830297,36.72291264280483,3,284.9757894192757
20.472975809692848,22.746882832875457,-2.189304727006076,4,44.491179790711655
83.57047376420724,69.39426447231384,32.37603183732524,4,213.6232879665285
44.256096412892205,46.12264124274832,37.54263786610477,1,123.08399544865644
89.01768884005625,25.45758106727212,9.306752122915716,5,264.49384268485863
88.12510210967054,99.70581155323919,27.02236369966264,3,245.5835955049023
82.5332860105859,32.275229995297224,10.708103191848604,3,254.12096014725606
81.10273926763553,86.91514500085489,42.8985533241227,1,213.96783645048708
37.42112251882367,50.9154725183578,-3.328821378224812,5,75.59584549775133
17.282735474612696,39.08456553905242,23.989642191647754,3,31.388484738711895
46.268216088864534,61.77266752112492,3.3251773524757553,3,110.54037972221033
25.61720634878578,108.1590353845249,30.61101025885793,3,5.0
72.54559800122155,63.130293459502994,3.7945141709331036,5,184.8770856079702
41.1489753884007,102.58466141321612,6.769163094917879,1,72.34569955246846
97.80491807739234,33.80349264790657,19.718540552287905,3,308.7924566818439
67.68748696107988,105.0048561631587,40.7417474998439,4,156.40455546945358
84.02325072709249,46.06266573973135,5.585718607398542,5,223.75885568389145
21.927220546766357,94.513244287776,2.2120010559051764,2,6.7967421998067445
87.58130340453603,82.2359710325096,32.948841592701534,1,246.49359182379663
93.0481471462055,122.20591889328561,20.03097661669655,4,228.84934939135488
53.83557269370423,62.605476977284546,40.58925561908857,3,125.48562177180185
64.56276439758797,27.27817077178845,2.3307278579921142,2,192.01876275553798
78.83288208126959,22.10710341063782,27.296394651151964,1,227.72358654192394
25.73547645343713,110.95444170700284,6.643957307590751,5,5.0
55.23094688170982,77.72092014275754,2.8380214325819653,2,124.0044519761923
45.87967249950818,105.27684570184442,29.171470757863524,2,90.80642369860756
23.17365929460242,45.786816001266615,24.68423099543666,4,30.117812072089663
43.07809800623783,57.95921200645571,32.74137291811656,1,105.98035624934843
16.135507844694423,23.311425943245084,10.473128822309118,4,34.21488644069749
12.323071625453828,125.76415570315234,17.398582819109496,4,5.0
22.16496602393405,93.46546973708948,15.273583816520922,3,14.025703967671474
96.68036004302564,122.65255965352368,44.20447319832571,5,231.90895563585843
59.45765823055153,49.20460481719796,9.612447836969395,2,169.96827828571654
96.9239945037898,87.2609972348227,9.740861917338343,1,276.1025447856772
48.924809049711875,94.63499651219016,12.727410441430369,5,89.17805225783411
38.06345197767336,54.93046702833473,23.229704064516074,5,83.04940282902189
55.55276765562197,113.29201585171931,7.616137213187262,1,111.92998346155277
49.55605197696191,124.18776091902726,40.764497018963695,5,83.3717513959105
19.509821583556953,117.33406294656048,8.284278243313175,3,5.0
67.67436832211857,101.29736735333098,39.79078657800974,5,153.91243861428984
29.443436425863965,50.52111476974494,0.1737531823292322,3,63.65366373566699
65.76291594080466,50.97776463161949,27.82813511998262,2,197.505523162453
68.51809831583381,125.96963524906417,40.34927592191219,2,137.62049976569074
23.68223678157833,21.13129455292612,3.437471919911477,4,50.343207931812145
15.521466439960134,98.7654970566359,43.41634800496275,3,5.0
80.26854274615958,97.68707788107884,17.644168020775584,2,219.72022426850745
51.382038139238816,88.49584950447772,42.285755422051224,5,89.71896294291167
15.234741595492821,128.91197306955524,28.841002181502347,1,5.0
99.53796854527904,54.306737934009774,10.079343493677577,1,314.9870504314748
15.200250489672998,57.396905017257296,4.415126245855321,3,5.0
72.55317059726978,28.683334324121113,10.18675231125497,4,213.60322896715905
98.53110327370723,68.70779501981113,-0.3491295368662506,5,287.3015391073578
31.526209379433304,48.71533788583329,2.193398317166489,3,60.807495420304875
22.802443181847657,57.77253723954087,0.23302201732405692,1,26.624044497001165
20.9246445480186,111.80289692811904,16.147177187077887,3,5.0
37.294763281083604,122.90329648802454,34.77891881287932,5,34.33988070250768
19.0941229909582,40.43063792057042,2.0691777108170095,2,15.93353473252059
72.29452075247187,60.97598247088125,1.5160216586167943,5,186.27295410339818
15.606261831705641,122.14936183269334,27.171447475866536,2,5.0
55.84799153348107,26.79893067581449,4.859149098403314,2,174.9254701654377
99.70271684676791,30.159658092251636,-0.11949809455042004,2,319.3562995134766
83.25732425554169,37.907008812685234,3.3424289102788816,3,243.48088022703888
65.36974944079098,85.47341175395623,41.18656979383881,1,175.2628026133689
37.56282587079505,36.55194981065972,36.07356263880954,3,89.51317530548322
66.15062526624746,126.48840195958068,12.703228117754705,1,138.0298143268243
57.433731752048644,69.13859799843723,27.79103836636964,5,135.84215611243633
48.347504550133436,75.1669756385183,21.863783683401905,4,119.56694762488243
21.76393390661795,47.13244773859471,28.8562131741282,5,26.473735160874114
89.79437937164201,71.80562776782068,29.133557623137968,3,256.4437030054377
50.48061839391902,92.81049959007127,26.43670075299965,3,120.31887748109678
27.516026063868857,102.6294850649447,8.305068426865429,1,13.79958877888494
43.09834157895607,102.92548909809044,-3.049678961859094,3,56.784237570326155
47.27167772760343,83.56802239634972,17.77833909950544,2,92.6946224808697
84.47841060101868,119.4795752493243,39.54869423453519,3,207.94839975199716
76.02529425052619,109.91486320367203,23.474862925928797,1,196.88161180118794
79.23744042772059,103.2752926168488,36.61955208509539,1,217.85993603111282
10.992813798578249,26.116607384850667,44.581217148061405,2,7.72019762198307
47.45385983617854,20.756575844161425,3.1808102069138133,1,138.8736307270591
53.32097364717912,43.36920049150203,29.58888195709912,4,141.5806936704109
11.727304914075102,92.98759533047975,28.714678685001232,5,5.0
33.38318878705308,65.23172377708005,43.997772367913925,3,43.528927354646854
78.42608408099215,64.26468852292429,44.280036697640014,4,232.7031196453411
22.339873515609916,117.30455770525751,29.33393058620647,3,5.0
58.17791183073325,118.51191329450226,7.180739599109714,4,112.26790573468962
29.368168481551375,120.00927904589443,34.927791906529954,3,18.533217369509813
11.090869717950394,54.526588416653006,0.3514567105519051,2,5.0
31.708131183958734,96.0161394013188,34.03496520858143,1,43.43036153561227
97.82863794190484,49.879649940180656,40.509806207234824,1,296.018591259739
82.13834006946907,40.96708163818948,14.141669738421761,2,256.55621464617036
96.361897988893,40.30957030821061,26.53176474915402,4,298.3538816007892
53.90686395337262,57.63183829499534,16.507136604841314,5,125.41865470902823
19.876257880975317,67.29533817578039,16.888252749406423,4,22.497285668646057
59.31635400763236,111.40440881605753,10.518544455406003,1,134.51882780982504
50.89396011039648,33.188020281998334,33.10648102251623,5,139.6120107063232
85.99213744656544,100.84184321343837,41.80882820832526,3,231.67921095302523
18.827432270582015,78.46004056082359,42.037542961723055,5,5.0
53.94170233196004,51.67398769435917,3.739064243746691,4,137.02280729861627
23.50437982245858,74.2101542986107,38.7371824828283,2,29.52458171435622
39.22083342010539,52.99362767547249,31.871572071356105,3,83.72922286614252
76.36213696490196,85.56901507621366,7.641870034514463,4,194.61523164800244
52.84163164318899,67.72283151407686,-1.6357693539242724,3,123.86209279435481
43.82994566311924,38.08460819867666,8.399863344218899,5,97.46552182593175
45.50286507130318,32.82413820112664,40.61041183907628,1,146.66247440264567
51.350209156538796,80.13652502793431,26.658933744788616,4,102.52189598527056
80.65148894533512,119.26543366147138,31.052733044893593,2,188.71502666433543
90.2876220046211,57.83534552134541,7.857617555454793,5,266.16232933117715
95.98012178535355,100.63001179448855,30.969407778741015,4,261.67078606692024
80.82130476297655,92.45274904337437,-3.5939246861038123,2,200.9576288301056
38.38662061732114,122.47104057404292,13.766067288650689,4,46.43528685247209
71.93212354778879,110.30791190290549,26.33766742711656,5,175.58542186464933
49.384281164985275,82.32657847960093,2.3048282770660116,4,99.3288638397384
32.92035598414461,92.27335480575181,36.15017872234674,3,62.987744772713
85.67844214833303,118.82251132424383,6.751564940595932,5,188.68917221391337
13.458371406609249,63.947066304562824,27.61405564092231,4,5.0
91.15857929218812,55.94741764435551,15.259857128766484,1,288.1227464773197
51.53297181622607,21.189219199871598,24.802179773882358,4,157.66174914015735
67.34813291274523,110.92061816106107,0.372527631445406,3,146.88025953738463
69.34185299852044,108.10787704437014,-4.154360003919634,2,157.04648341054238
90.56059666358827,31.489996991016653,40.47822136901506,2,286.229962949041
67.30027139504867,83.45431192459702,8.48150043835914,2,178.59699879647235
65.25402262840555,71.03798679835762,35.983850139022955,1,180.99253455505456
15.998683650462096,33.05800050600226,44.96751502361001,3,23.29404958991909
56.656721975068365,127.86250497667959,5.571562899945558,5,86.85868943017587
23.51521007353375,43.6165476209691,8.25853705916778,2,40.81455367546471
76.3690391849337,27.395759809961724,28.142989381733287,3,228.87685805160754
56.0999728731407,85.43321174521006,43.27243173003106,4,117.49210310816484
71.2205001287518,101.27533448463359,40.790717409537194,1,185.1120299305507
13.750561054214584,23.568779065190565,20.143776003279246,3,22.107078017750236
17.63128144412229,92.45894025997244,34.75551412633623,3,9.986788553108216
74.4691049256414,78.55210635466,1.7872926549950527,5,186.97277142646465
16.487590239880603,31.359150976255325,43.87190921020061,3,18.61984661438656
16.413105498873275,38.97762646409983,43.21766170179932,5,6.4216920423985675
11.08976277113987,82.47717270476886,3.1864478939585474,1,5.0
96.0851258469532,52.59933748646172,9.97115624015533,1,295.4641075695005
76.37575235131062,123.21473015164477,0.007749875338346257,4,177.6116993056288
41.79262676518577,110.06142524324558,8.585879944908985,5,55.78345585518862
36.68820231588897,128.19239271650292,35.79778947076033,5,19.62647884833774
41.47329067712646,48.56379228454554,13.915780358262975,2,97.38387717869138
79.71881780630636,126.66959960777747,-0.5801516426620807,2,182.3804267670142
69.5233549963373,67.43572567707136,12.111276238945226,4,183.50572505180293
26.667601108072112,58.22706748451301,44.069166712064,1,55.121388986529084
25.66984018006759,25.53844796662886,26.484179762960146,2,54.003790814143706
18.85560847420576,25.80417836455629,15.808047320307889,3,33.4767313459995
69.42724477312044,96.12123815413202,3.3269256748634994,1,175.00786423886836
78.79353959995623,70.37218938774308,44.30883986418474,3,197.96089288049157
33.85417854925036,44.91737886397163,36.042450463156435,5,59.25343115499946
11.885046492782154,87.5367336957756,9.07386512254597,1,5.0
17.39545007287846,47.81439300751223,-1.496565213940527,4,5.0
97.10740313605274,83.53949297788648,-2.1687221311220983,5,261.619842697177
36.59002997296783,59.51296216809594,1.0189074752766913,5,62.68041371862611
79.23008330543203,110.5907449273001,24.03842918072108,3,193.69318411953535
66.21972119688374,110.27657768434572,41.43817106027462,5,141.25151016679692
44.37456756876063,72.50854379346414,19.837171400299223,2,116.7253265158734
28.51185359759996,58.59010202685172,37.14727412280986,1,67.6925688602989
20.92477763434658,59.8815776215004,17.294330992990393,2,12.043333368010256
65.35116712349799,108.62859782350397,30.42917728839126,3,152.7968327934652
79.71704025740092,56.09974310773732,31.593636864325042,3,228.08815397002016
67.95138281870176,42.99653110775306,3.698185295166933,1,201.95243806179397
57.727191992424245,29.31571760628375,13.060802948790588,5,157.69379832089047
13.775610108847264,71.33624329728492,26.865107826901195,4,5.0
97.16398998349455,73.0345308811826,-1.4651695907816906,3,276.0784377457848
81.88427724891172,112.49995814431979,13.077009388147829,1,206.89418518106686
36.35398330308683,44.336256609067036,21.739973314059622,4,77.36223653838607
98.19732964229655,61.90904010352399,44.811224652231935,5,273.83117436407485
64.16934306726898,108.92463127830601,18.726678131122036,3,147.80266733656077
62.418039238652185,110.59859718238708,35.80283785571618,1,147.37481461703803
77.3265861486579,62.3072183576645,16.603364253330888,1,233.92685802575744
83.05928092811239,70.50364256153489,34.81953613098545,1,235.32396307454295
69.08307465983523,53.36144799342112,24.77074008100542,3,198.93635301939037
21.528617172958,122.58103662612433,39.32977207511992,4,5.0
40.44407553950485,33.05081423157384,15.547127617505495,1,124.46738605747788
93.52752762934448,122.7124365301617,25.21522099107394,5,231.96213355512685
30.215405065946673,95.22530970188775,26.50093403094137,1,41.05090449778726
43.4950321453762,78.47293679554043,15.869147090023667,4,88.22550313819306
48.88691946497764,23.592496686294545,2.2156021843740756,3,127.8373012062154
49.5464490725007,72.31558110042091,-0.32202965438322195,1,115.54553514346254
65.1645624245073,64.85229155030055,-4.166422470018345,1,180.6547157553729
94.87682539702368,37.73406931726348,38.67671321226073,5,287.8933390498701
31.662344064925446,92.20505638507225,6.8237456119347275,5,27.262527806058486
20.935123867082623,126.82659981051144,5.575337464088403,1,5.0
27.77234408739436,81.84076921709777,31.801770021303277,1,33.580832044774795
89.82324101883425,98.62286040883404,11.000805654369586,5,236.4358867681675
68.12297313896855,27.529549782261846,20.30223462059183,4,204.61099847617774
35.73161103152441,65.94336953986942,3.1255532648728153,2,67.73722657879381
83.43522450717555,32.79943336809455,42.98728607309846,2,253.0549206362712
87.52329967270924,87.40754190901615,37.57907000086187,1,243.15224477352902
86.18629048212502,123.233037403557,38.18948114825017,5,197.65338062654763
92.7033880275599,92.79555057188024,15.33868742860026,3,259.3851470127921
32.701691815602544,28.448335314586366,33.11806068535864,3,77.77742750758418
77.95377358716505,59.013282548359115,2.193807769489008,2,234.2514739020768
51.4485547546726,80.57297173849366,-4.569049870410986,4,116.82022267794454
85.77986976010554,64.35285317465775,-4.001353371098594,2,236.08494298829925
75.5641609445452,111.70084115226896,24.330086870228023,1,193.07965802188983
79.88027018497522,109.61381051809882,17.76974526239704,4,190.91530447082323
69.05456539129644,87.30141221135436,20.900767445425988,3,174.2572580153864
25.968589252273617,61.08037396459758,-4.626842979139029,5,39.61052055370189
59.05242270072445,48.08700111395686,16.134330982871287,5,153.0244398403836
98.62027655720574,31.646175003444224,30.90340806004304,1,321.50370802075577
94.36492598474071,59.038745183520945,17.134685098371794,2,289.23843822789485
13.885636221731051,65.44897689284915,31.610960315611116,1,5.0
24.833333415649342,94.3405217614481,6.650948219841739,5,5.0
21.85558961091057,92.39758067273308,35.65710022408627,3,5.0
75.3381918986766,27.711895360538264,24.421562022672614,5,219.0001437487939
83.60067968712505,63.47852469742735,5.538154971495311,4,209.13028520054192
29.216022967960473,39.995675393909806,6.8360237926916465,5,56.549743874941456
55.52674236566461,37.24939758484862,26.40152322847685,5,166.66690116757476
85.663272521008,111.00323647109705,36.496979660622166,4,212.6032859889131
75.95213902896255,24.61067383878833,15.781389101457759,2,229.2484870639542
58.80134849426634,66.11011634923335,7.915021456379611,5,135.36244743974444
63.13129214128956,38.502402134317,38.35058034553002,1,183.64683431551128
55.752449222465195,116.72632372463214,28.46341458754175,5,94.3717339911252
36.77936061869385,81.27445646025387,17.404274364153824,1,81.00625914209894
60.85197935731145,45.45187000145329,19.395009763965092,4,175.1508900103068
71.99967718450816,75.26700158830141,5.21282339681982,5,170.88018420098436
88.59906242747269,100.46349956734274,26.340131503242198,4,237.8832145100319
67.26622185813233,125.39298098113771,12.937125527144431,4,152.7853394342564
78.50093833388422,44.249060466996085,44.782258833717464,2,246.3114099967466
24.40644714591157,117.47999493422796,19.009175763094394,5,16.659934540079185
51.54017269778109,122.77345255842393,19.29428030948066,1,94.42830383542614
10.839845784438397,120.80625989852729,23.292589370533594,1,5.0
32.20109780694607,89.89557925481009,40.83780015593734,5,28.39772360097996
75.38155436017044,89.28027198781784,35.040904992987514,2,192.31119142766676
99.26289562144271,64.35316965022051,17.556503489892073,2,301.64741327989674
18.92602896284943,102.76376705341667,30.9349632986398,2,5.0
46.13448842751594,78.44234201860252,24.31177493903808,1,112.67294743470127
82.00638718292436,94.51818783511239,19.618352435062445,4,202.79816591129443
28.363207116600897,67.1303694233675,4.615788639217527,2,42.12929789326217
59.95764543720576,100.4646110447453,18.196813172744545,1,154.33637554736427
75.97641664267073,110.6918669365004,7.290929351128732,1,189.16221949644952
65.43869052341611,36.10798822630977,40.74210749258273,4,185.00654719305652
26.922226115387453,111.62226871316508,11.770340674817348,5,6.964635283622471
41.984611181716545,79.4326184969338,42.613200726668616,5,80.40658078172144
80.54126060368574,112.91324999992467,21.65276450473556,2,192.76577021732405
59.8803862718815,67.4431876975116,26.577218933808016,2,163.96074417425456
10.470665218862147,61.69445339213385,22.14702222446639,4,5.0
78.48916840252845,120.65668057689447,1.469030848335045,2,187.43879656454163
13.178021944621516,47.62861943032414,13.79106095039705,4,6.741930886238652
77.1160404458109,112.86335578147575,-0.04269438611880361,1,179.81755712571044
28.223250414871366,73.24226297603445,26.147702209169086,2,37.075782251216765
96.22661321074422,76.55049868063857,17.343709760021945,1,269.51689125551997
43.11466761718761,53.931510963843245,33.89924857854684,3,97.38945911632173
39.42384547042712,83.03464206809173,6.023524049968492,4,76.4155422806578
23.39992452992002,55.77323159038325,3.228302921466746,3,27.96242056128907
37.50437939411934,24.319635566581752,15.31661154818839,2,95.27919199350572
88.89856856453805,49.919846587879164,41.329269160919054,1,265.5759444021877
99.67009038645226,20.701694774724974,30.521090750620587,2,313.1129695595747
43.14785774561635,127.61902657625423,15.946181239645934,3,51.02306984591377
50.37495678590883,126.23219308017222,20.863608487715528,2,95.2290275797735
74.98638443824633,63.46708272195355,-0.7893494411450828,5,185.86536951378378
89.75762024185671,100.12079397736106,44.22879481880565,3,242.088750974186
63.37399007681057,58.038670825146745,28.32036523474595,2,175.88865435320787
45.23731283600464,93.82024727945736,9.270203423171123,1,93.63128555916647
47.13596567637614,108.5973047350577,24.290419710762215,2,88.67434540111383
72.60563318471262,124.14318691614648,0.47411830344969896,1,173.20623402653595
10.289643724385082,64.02335034346392,43.29183344037918,5,5.0
65.76304037138567,106.16277812516525,3.739249394168297,2,153.84910899771538
41.99437093972217,49.25212956953307,27.401515902760707,5,99.78672703346464
81.47775981493758,128.9365534173013,7.272723126946522,3,188.22259919331594
18.369157584081893,22.834655864078627,30.878069132426788,1,47.37765442814111
62.93820402535515,86.3881687151233,33.841068362014056,3,149.01136331107296
53.28756008975114,92.54565798164599,28.670986445571636,1,124.32852392421194
67.80929733147048,95.68501127815418,25.724973012759627,5,156.2343946932199
15.836823503467151,33.24263366679979,39.623454697600586,4,8.77617186846136
62.198540868531815,123.23827618204434,-1.068664450512098,2,121.01156716865557
60.533612916357136,39.93016069550911,11.545738289009758,5,167.4693649364195
60.459408497455385,88.50287435638252,7.4143739815422975,1,159.15680202238897
64.31388999368093,44.494368703539344,44.40069810327108,1,194.8105302878077
70.8821143503726,53.793805872339796,14.469488983343673,1,198.7463896086742
82.44900997126928,80.11043959009368,31.63063496201994,1,242.96664157183324
34.28386481153929,65.89127604210341,29.23625819405023,2,67.01898992456195
84.25444691620558,37.6248161074157,5.604061873868886,3,258.5631634129824
54.843011403710825,38.803004266293314,6.949884010577566,4,139.39896830106522
16.935245122089803,65.99592669790796,9.064228177651705,2,7.6373324906222555
15.269583631958128,103.30112761030507,15.556363912968962,1,5.0
40.08144868264547,118.77611115325674,6.71625328252634,2,43.02906667495842
80.64072794003208,29.254042848532112,-4.01742586265761,5,239.14928906668345
73.69128412668242,63.24142983153411,38.96965284035977,1,219.95425547103062
80.97534682051658,31.02701200951643,43.2804915690442,4,238.8881264730274
56.55421507974484,21.825172869585767,12.078519351578397,1,187.75740184461094
49.61790981599415,92.78905509083523,11.925343971273644,4,96.44184094236859
23.270727403565555,86.26943861632466,-4.645409361281451,4,9.824395246545004
39.53734782483804,37.93210251963748,29.012534416518704,3,83.06788238093436
49.061742955648775,45.719411640237055,36.27199478743144,3,145.92587768016364
17.97403867116555,22.607852900897022,2.330415018000158,2,45.44025557768494
29.855075744009014,111.84419262638441,2.983317468357537,2,19.50257248151449
63.840276465736494,127.21596556534067,34.50416249857189,4,110.33301107829402
76.20968028152708,34.90054904741599,25.814537417707232,1,242.57196353625625
99.85127602536546,45.4622735141828,-2.7569721186141494,5,280.74790875623376
93.98019982092019,115.52504763416275,26.127349523114084,5,241.52355928393726
67.83086795816723,121.91101777518033,10.445886142188304,1,158.9323073986667
47.91232479646648,66.15901210874914,13.436257773542298,1,113.04100727978393
67.25596282374094,25.568471949598155,33.48657091484401,3,212.4278945363118
80.70864562722087,24.333101706210133,35.54675963363053,5,248.90629244054415
20.65025718310486,83.13448526759115,15.017831341991531,4,11.408928215417447
46.891440072665944,63.21846197824969,42.35764680031774,2,110.11676597660505
85.58220570720555,23.151767033541997,15.32313589760361,3,259.651721578826
44.54496567397396,84.15776315438124,33.591801761505494,5,88.59897943936704
61.46850441044679,21.24327902479247,19.193863228212955,1,195.10837211988715
62.89924247759784,106.61091539642003,39.8766163261042,5,117.91191175775738
26.602862782027543,53.70761049737087,40.38806218250893,4,48.34654349346491
42.601189748705956,24.428380331015532,-0.6291596064458069,3,130.19073224330327
40.1060159867739,84.71874430814687,41.824666565511286,1,77.27995771078237
12.35770376788583,63.74528558763602,36.27674207602078,4,5.0
12.177258750221972,127.11804546928644,34.565535715633345,2,5.0
84.85273393081961,79.86185287540724,5.045566984276121,3,227.24203659300395
34.576372897553114,50.27630991407091,35.25596043773324,4,64.50546738441624
56.62708896149339,98.03827510973723,37.50663673425184,4,130.26585086962575
36.88530162298957,49.86412027969824,9.457516722707547,1,83.92193915062539
94.66113206038065,119.46676205483216,42.613003918116185,2,249.27085789098643
33.336708297919635,61.21941675581141,-2.5069926800417877,4,49.67072123674149
48.66911314650416,80.48554190538258,2.4954626623569833,3,98.56630183388289
88.54572254361416,25.563041420665176,21.879056902575716,4,286.7658243630373
85.77402101126278,66.87333617474539,23.789623556115483,5,236.32892764181148
26.749127606164958,111.55998936270944,27.25750416504517,3,9.34458830257127
82.23789788161393,108.62136858996762,-4.151543534226677,3,209.261641595376
51.23681980641034,44.67504147388789,43.01833873110651,4,140.89568729143383
53.46719848768197,44.868697811161894,-2.7705953632928004,1,151.46325630114652
22.01319751743494,109.90358434345605,2.153097636170119,3,5.0
17.254136238141218,122.34382621862581,-4.299274123697151,5,5.0
75.51453762763887,30.48970134003039,23.342921664704733,1,242.10921433675622
54.68150371197698,69.50645033688477,41.613344196048615,1,140.40349560677438
49.31656323536616,57.11997068606519,28.297358304023213,1,123.91411830941497
75.65574057871571,115.77573010031833,36.13287342402137,3,183.46080811234435
78.89616090919988,29.187740614802067,-4.335939827070996,1,244.77364951960672
24.30173509024182,43.223853681384114,22.100764923986304,4,29.355788088316345
64.92026345298771,102.77151713451438,17.978148875276094,1,152.51785949517298
22.1818674049917,25.642323387933715,19.94839721103965,5,37.39747137991327
77.62375774261412,74.17889187857182,-1.3893407332406027,2,209.23721916798166
69.12596406404256,68.6317738147692,29.221768053465375,5,192.98733307793327
96.09531589751121,56.784129688762356,20.161020742931722,3,291.4329065743215
16.206221472077907,63.40295468508162,33.257442493063195,1,5.0
15.134924903612887,78.29346456232562,19.26453170308577,1,5.0
35.39683672238802,37.75040942272214,2.4690818113216038,4,74.60961361962238
